asset_id,generator,zone,technology,capital_cost,marginal_cost,efficiency,installed_capacity,p_min_mw,available_from_year,earliest_commissioning_year,fixed_commissioning_year,commissioning_type,commissioning_year_source,commissioning_year_assumption,enabled,status,plant,plant_slug,tech,tech_name,plant_type,substation,region,fixed_operating_cost_nzd_per_kw_year,fuel_delivery_cost_nzd_per_gj,heat_rate_gj_per_gwh,connection_cost_nzd_m,total_capital_costs_nzd_m,plants_grouped,decommissioning_year,decommissioning_year_source
gas_peaker_auckland_generic_ocgt_peaker_3_otahuhu,gas_peaker,auckland,gas_peaker,1213001.596675,44.570325,0.306383,100.0,0.0,2025.0,2025.0,,flexible,edgs_earliest_commissioning_year,,False,Generic,Generic OCGT peaker: 3 (Otahuhu),generic_ocgt_peaker_3_otahuhu,GasPkr,"Peaker, gas-fired OCGT",PELE,OTA,Auckland,5.418526,2.650366,11750,13.192934,134.493094,1,,
gas_peaker_auckland_generic_ocgt_peaker_4_southdown,gas_peaker,auckland,gas_peaker,1213001.596675,44.570325,0.306383,100.0,0.0,2025.0,2025.0,,flexible,edgs_earliest_commissioning_year,,False,Generic,Generic OCGT peaker: 4 (Southdown),generic_ocgt_peaker_4_southdown,GasPkr,"Peaker, gas-fired OCGT",PELE,SWN,Auckland,5.418526,2.650366,11750,13.192934,134.493094,1,,
gas_peaker_auckland_generic_ocgt_peaker_7_otahuhu,gas_peaker,auckland,gas_peaker,1213001.596675,44.570325,0.306383,100.0,0.0,2035.0,2035.0,,flexible,edgs_earliest_commissioning_year,,False,Generic,Generic OCGT peaker: 7 (Otahuhu),generic_ocgt_peaker_7_otahuhu,GasPkr,"Peaker, gas-fired OCGT",PELE,OTA,Auckland,5.418526,2.650366,11750,13.192934,134.493094,1,,
other_cogeneration_auckland_glenbrook_cogeneration_power_plant,other_cogeneration,auckland,other_cogeneration,0.0,11.308229,1.0,0.0,0.0,,,,existing,edgs_status_current,,False,Current,Glenbrook cogeneration power plant,glenbrook_cogeneration_power_plant,OthCog,"Cogeneration, other",ACHP,GLN,Auckland,96.591125,0.0,1000,,,1,,
solar_auckland_generic_solar_101_200mw_60,solar,auckland,solar,1410536.446957,0.0,1.0,140.0,0.0,2030.0,2030.0,,flexible,edgs_earliest_commissioning_year,,True,Generic,Generic solar (101-200MW): 60,generic_solar_101_200mw_60,Solar,Solar,PELE,PAK,Auckland,23.558811,0.0,3600,73.91,271.385103,1,,
solar_auckland_helensville_solar_farm,solar,auckland,solar,1222325.80111,0.0,1.0,53.0,0.0,2030.0,2030.0,,flexible,assumed_from_status_applied_for_consent,2030.0,True,Applied for consent,Helensville solar farm,helensville_solar_farm,Solar,Solar,PELE,HPI,Auckland,23.558811,0.0,3600,17.664431,82.447698,1,,
solar_auckland_kaipara_solar_farm,solar,auckland,solar,1169792.543478,0.0,1.0,70.0,0.0,2026.0,2026.0,,flexible,edgs_earliest_commissioning_year,,True,Announced,Kaipara solar farm,kaipara_solar_farm,Solar,Solar,PELE,HPI,Auckland,23.558811,0.0,3600,34.57,116.455478,1,,
solar_auckland_lodestone_whitianga,solar,auckland,solar,1002735.562112,0.0,1.0,31.0,0.0,2025.0,2025.0,,flexible,edgs_earliest_commissioning_year,,True,Fully consented,Lodestone Whitianga,lodestone_whitianga,Solar,Solar,PELE,KPU,Auckland,23.558811,0.0,3600,14.31146,45.396263,1,,
wind_auckland_generic_wind_no_26,wind,auckland,wind,2151155.231417,0.0,1.0,100.0,0.0,2035.0,2035.0,,flexible,assumed_from_status_generic,2035.0,True,Generic,Generic Wind No. 26,generic_wind_no_26,Wind,Wind,PELE,GLN,Auckland,51.71159,0.0,3600,56.364455,271.479978,1,,
wind_auckland_generic_wind_no_79,wind,auckland,wind,2286119.520322,0.0,1.0,150.0,0.0,2035.0,2035.0,,flexible,assumed_from_status_generic,2035.0,True,Generic,Generic Wind No. 79,generic_wind_no_79,Wind,Wind,PELE,GLN,Auckland,49.544179,0.0,3600,59.886497,402.804425,1,,
wind_auckland_waiuku_wind_farm,wind,auckland,wind,4166672.462085,0.0,1.0,85.0,0.0,2027.0,2027.0,,flexible,edgs_earliest_commissioning_year,,True,Applied for consent,Waiuku Wind Farm,waiuku_wind_farm,Wind,Wind,PELE,SWN,Auckland,49.473503,0.0,3600,4.234656,358.401816,1,,
geothermal_bay_of_plenty_kawerau,geothermal,bay_of_plenty,geothermal,0.0,0.0,0.3,103.0,0.0,,,,existing,edgs_status_current,,True,Current,Kawerau,kawerau,Geo,Geothermal,PELE,KAW,Bay of Plenty,223.808703,0.0,12000,,,1,,
geothermal_bay_of_plenty_kawerau_topp1,geothermal,bay_of_plenty,geothermal,0.0,0.0,0.3,21.5,0.0,,,,existing,edgs_status_current,,True,Current,Kawerau (TOPP1),kawerau_topp1,Geo,Geothermal,PELE,KAW,Bay of Plenty,223.808703,0.0,12000,,,1,,
geothermal_bay_of_plenty_kawerau_topp2,geothermal,bay_of_plenty,geothermal,6558772.942697,0.0,0.3,49.0,0.0,2025.0,,2025.0,fixed,assumed_from_status_under_construction,2025.0,True,Under construction,Kawerau (TOPP2),kawerau_topp2,Geo,Geothermal,PELE,KAW,Bay of Plenty,223.808703,0.0,12000,17.669108,339.048982,1,,
geothermal_bay_of_plenty_taheke_geothermal_project,geothermal,bay_of_plenty,geothermal,7162029.807109,0.0,0.3,35.0,0.0,2030.0,2030.0,,flexible,edgs_earliest_commissioning_year,,True,Applied for consent,Tāheke Geothermal Project,taheke_geothermal_project,Geo,Geothermal,PELE,KAW,Bay of Plenty,223.808703,0.0,12000,17.669108,268.340151,1,,
geothermal_bay_of_plenty_taheke_stage_2,geothermal,bay_of_plenty,geothermal,7162029.807109,0.0,0.3,25.0,0.0,2040.0,2040.0,,flexible,edgs_earliest_commissioning_year,,True,Generic,Tāheke: Stage 2,taheke_stage_2,Geo,Geothermal,PELE,KAW,Bay of Plenty,223.808703,0.0,12000,17.669108,196.719853,1,,
geothermal_bay_of_plenty_taheke_stage_3,geothermal,bay_of_plenty,geothermal,7162029.807109,0.0,0.3,25.0,0.0,2050.0,2050.0,,flexible,edgs_earliest_commissioning_year,,True,Generic,Tāheke: Stage 3,taheke_stage_3,Geo,Geothermal,PELE,KAW,Bay of Plenty,223.808703,0.0,12000,17.669108,196.719853,1,,
geothermal_bay_of_plenty_te_ahi_o_maui_ka22,geothermal,bay_of_plenty,geothermal,0.0,0.0,0.3,25.0,0.0,,,,existing,edgs_status_current,,True,Current,Te Ahi O Maui (KA22),te_ahi_o_maui_ka22,Geo,Geothermal,PELE,KAW,Bay of Plenty,223.808703,0.0,12000,,,1,,
hydro_storage_bay_of_plenty_bay_of_plenty_hydro_scheme_embedded,hydro_storage,bay_of_plenty,hydro_storage,0.0,0.0,1.0,25.3,0.0,,,,existing,edgs_status_current,,True,Current,Bay of Plenty hydro scheme (embedded),bay_of_plenty_hydro_scheme_embedded,HydSC,"Hydro, schedulable",PELE,TGA,Bay of Plenty,153.132623,0.0,3600,,,1,,
hydro_storage_bay_of_plenty_bay_of_plenty_hydro_schemes,hydro_storage,bay_of_plenty,hydro_storage,0.0,0.0,1.0,147.6,0.0,,,,existing,edgs_status_current,,True,Current,Bay of Plenty hydro schemes,bay_of_plenty_hydro_schemes,HydSC,"Hydro, schedulable",PELE,TGA,Bay of Plenty,110.177798,0.0,3600,,,1,,
solar_bay_of_plenty_edgecumbe_solar_farm_fnsf,solar,bay_of_plenty,solar,1158600.869565,0.0,1.0,38.0,0.0,2030.0,2030.0,,flexible,assumed_from_status_fully_consented,2030.0,True,Fully consented,Edgecumbe solar farm (FNSF),edgecumbe_solar_farm_fnsf,Solar,Solar,PELE,EDG,Bay of Plenty,23.558811,0.0,3600,19.01,63.036833,1,,
solar_bay_of_plenty_edgecumbe_solar_helios,solar,bay_of_plenty,solar,1143089.651215,0.0,1.0,115.0,0.0,2025.0,2025.0,,flexible,edgs_earliest_commissioning_year,,True,Fully consented,Edgecumbe solar (Helios),edgecumbe_solar_helios,Solar,Solar,PELE,EDG,Bay of Plenty,23.558811,0.0,3600,25.556179,157.011489,1,,
solar_bay_of_plenty_generic_solar_101_200mw_55,solar,bay_of_plenty,solar,1189817.346087,0.0,1.0,180.0,0.0,2030.0,2030.0,,flexible,edgs_earliest_commissioning_year,,True,Generic,Generic solar (101-200MW): 55,generic_solar_101_200mw_55,Solar,Solar,PELE,TGA,Bay of Plenty,23.558811,0.0,3600,68.51,282.677122,1,,
solar_bay_of_plenty_lodestone_rangitaiki_solar_farm,solar,bay_of_plenty,solar,0.0,0.0,1.0,32.0,0.0,,,,existing,edgs_status_current,,True,Current,Lodestone Rangitaiki solar farm,lodestone_rangitaiki_solar_farm,Solar,Solar,PELE,EDG,Bay of Plenty,23.558811,0.0,3600,,,1,,
solar_bay_of_plenty_lodestone_te_herenga_o_te_ra_solar_farm,solar,bay_of_plenty,solar,1214307.826087,0.0,1.0,30.0,0.0,2025.0,,2025.0,fixed,assumed_from_status_under_construction,2025.0,True,Under construction,Lodestone Te Herenga o Te Rā solar farm,lodestone_te_herenga_o_te_ra_solar_farm,Solar,Solar,PELE,WAI,Bay of Plenty,23.558811,0.0,3600,18.44,54.869235,1,,
solar_bay_of_plenty_rangitaiki_solar_stage_1,solar,bay_of_plenty,solar,1073540.869565,0.0,1.0,150.0,0.0,2024.0,,2024.0,fixed,edgs_fixed_commissioning_year,,True,Fully consented,Rangitāiki solar (Stage 1),rangitaiki_solar_stage_1,Solar,Solar,PELE,RNG,Bay of Plenty,23.558811,0.0,3600,28.81,189.84113,1,,
solar_bay_of_plenty_rangitaiki_solar_stage_2,solar,bay_of_plenty,solar,1064320.869565,0.0,1.0,150.0,0.0,2026.0,,2026.0,fixed,edgs_fixed_commissioning_year,,True,Fully consented,Rangitāiki solar (Stage 2),rangitaiki_solar_stage_2,Solar,Solar,PELE,RNG,Bay of Plenty,23.558811,0.0,3600,0.0,159.64813,1,,
solar_bay_of_plenty_rangitaiki_solar_stage_3,solar,bay_of_plenty,solar,1115614.782609,0.0,1.0,100.0,0.0,2027.0,,2027.0,fixed,edgs_fixed_commissioning_year,,True,Fully consented,Rangitāiki solar (Stage 3),rangitaiki_solar_stage_3,Solar,Solar,PELE,RNG,Bay of Plenty,23.558811,0.0,3600,0.0,111.561478,1,,
solar_bay_of_plenty_waiotahe_solar_farm,solar,bay_of_plenty,solar,1077770.434783,0.0,1.0,81.0,0.0,2030.0,2030.0,,flexible,assumed_from_status_fully_consented,2030.0,True,Fully consented,Waiotahe solar farm,waiotahe_solar_farm,Solar,Solar,PELE,WAI,Bay of Plenty,23.558811,0.0,3600,23.62,110.919405,1,,
bio_reciprocating_canterbury_generic_reciprocating_biogas_2_christchurch,bio_reciprocating,canterbury,bio_reciprocating,2518865.562924,16.012294,0.315789,10.0,0.0,2035.0,2035.0,,flexible,edgs_earliest_commissioning_year,,False,Generic,Generic Reciprocating Biogas: 2 (Christchurch),generic_reciprocating_biogas_2_christchurch,BioRecip,Reciprocating Biogas engine,PELE,ISL,Canterbury,21.173282,0.0,11400,0.661665,25.850321,1,,
hydro_run_of_river_canterbury_bush_stream_hydro_plant,hydro_run_of_river,canterbury,hydro_run_of_river,5906374.249,0.0,1.0,30.0,0.0,2035.0,2035.0,,flexible,assumed_from_status_generic,2035.0,True,Generic,Bush Stream hydro plant,bush_stream_hydro_plant,HydRR,"Hydro, run of river",PELE,HOR,Canterbury,76.566311,0.0,3600,9.527977,186.719204,1,,
hydro_run_of_river_canterbury_clarence_hydro_waiau_diversions,hydro_run_of_river,canterbury,hydro_run_of_river,5906374.249,0.0,1.0,70.0,0.0,2035.0,2035.0,,flexible,assumed_from_status_generic,2035.0,True,Generic,Clarence hydro: Waiau Diversions,clarence_hydro_waiau_diversions,HydRR,"Hydro, run of river",PELE,CUL,Canterbury,74.419592,0.0,3600,9.527977,422.974174,1,,
hydro_run_of_river_canterbury_potts_river_hydro,hydro_run_of_river,canterbury,hydro_run_of_river,5906374.249,0.0,1.0,35.0,0.0,2035.0,2035.0,,flexible,assumed_from_status_generic,2035.0,True,Generic,Potts River hydro,potts_river_hydro,HydRR,"Hydro, run of river",PELE,HOR,Canterbury,76.300527,0.0,3600,9.527977,216.251075,1,,
hydro_run_of_river_canterbury_rakaia_river_dam,hydro_run_of_river,canterbury,hydro_run_of_river,6259413.048806,0.0,1.0,3.0,0.0,2040.0,2040.0,,flexible,assumed_from_status_potential,2040.0,True,Potential,Rakaia River dam,rakaia_river_dam,HydRR,"Hydro, run of river",PELE,ASB,Canterbury,153.132623,0.0,3600,8.479899,27.258138,1,,
hydro_storage_canterbury_christchurch_hydro_scheme_embedded,hydro_storage,canterbury,hydro_storage,0.0,0.0,1.0,26.8,0.0,,,,existing,edgs_status_current,,True,Current,Christchurch hydro scheme (embedded),christchurch_hydro_scheme_embedded,HydSC,"Hydro, schedulable",PELE,CUL,Canterbury,153.132623,0.0,3600,,,1,,
hydro_storage_canterbury_coleridge,hydro_storage,canterbury,hydro_storage,0.0,0.0,1.0,39.5,0.0,,,,existing,edgs_status_current,,True,Current,Coleridge,coleridge,HydSC,"Hydro, schedulable",PELE,COL,Canterbury,76.055188,0.0,3600,,,1,,
hydro_storage_canterbury_waitaki_hydro_scheme,hydro_storage,canterbury,hydro_storage,0.0,0.0,1.0,1743.0,0.0,,,,existing,edgs_status_current,,True,Current,Waitaki hydro scheme,waitaki_hydro_scheme,HydSC,"Hydro, schedulable",PELE,WTK,Canterbury,61.375719,0.0,3600,,,1,,
solar_canterbury_brookside_solar_farm,solar,canterbury,solar,1110786.521739,0.0,1.0,50.0,0.0,2030.0,2030.0,,flexible,assumed_from_status_fully_consented,2030.0,True,Fully consented,Brookside solar farm,brookside_solar_farm,Solar,Solar,PELE,ISL,Canterbury,23.558811,0.0,3600,23.05,78.589326,1,,
solar_canterbury_clandeboye_solar_farm,solar,canterbury,solar,1238973.043478,0.0,1.0,27.0,0.0,2026.0,2026.0,,flexible,edgs_earliest_commissioning_year,,True,Fully consented,Clandeboye solar farm,clandeboye_solar_farm,Solar,Solar,PELE,TMK,Canterbury,23.558811,0.0,3600,17.28,50.732272,1,,
solar_canterbury_dunsandel_solar_farm,solar,canterbury,solar,1130330.434783,0.0,1.0,60.0,0.0,2026.0,2026.0,,flexible,edgs_earliest_commissioning_year,,True,Fully consented,Dunsandel solar farm,dunsandel_solar_farm,Solar,Solar,PELE,NOR,Canterbury,23.558811,0.0,3600,23.05,90.869826,1,,
solar_canterbury_generic_solar_200mw+_2,solar,canterbury,solar,1081877.353913,0.0,1.0,200.0,0.0,2020.0,2020.0,,flexible,edgs_earliest_commissioning_year,,True,Generic,Generic solar (200MW+): 2,generic_solar_200mw+_2,Solar,Solar,PELE,OHC,Canterbury,23.558811,0.0,3600,41.71,258.085471,1,,
solar_canterbury_generic_solar_200mw+_87,solar,canterbury,solar,1083494.393913,0.0,1.0,200.0,0.0,2025.0,2025.0,,flexible,edgs_earliest_commissioning_year,,True,Generic,Generic solar (200MW+): 87,generic_solar_200mw+_87,Solar,Solar,PELE,OHC,Canterbury,23.558811,0.0,3600,38.83,255.528879,1,,
solar_canterbury_generic_solar_<100_mw_40,solar,canterbury,solar,1323524.51913,0.0,1.0,60.0,0.0,2025.0,2025.0,,flexible,edgs_earliest_commissioning_year,,True,Generic,Generic solar (<100 MW): 40,generic_solar_<100_mw_40,Solar,Solar,PELE,CUL,Canterbury,23.558811,0.0,3600,16.17,95.581471,1,,
solar_canterbury_generic_solar_<100_mw_79,solar,canterbury,solar,1301321.085217,0.0,1.0,80.0,0.0,2030.0,2030.0,,flexible,edgs_earliest_commissioning_year,,True,Generic,Generic solar (<100 MW): 79,generic_solar_<100_mw_79,Solar,Solar,PELE,ASY,Canterbury,23.558811,0.0,3600,25.25,129.355687,1,,
solar_canterbury_kowhai_park_solar_farm,solar,canterbury,solar,1016511.030462,0.0,1.0,150.0,0.0,2025.0,2025.0,,flexible,edgs_earliest_commissioning_year,,True,Early stages,Kōwhai Park solar farm,kowhai_park_solar_farm,Solar,Solar,PELE,ISL,Canterbury,23.558811,0.0,3600,32.977693,185.454348,1,,
solar_canterbury_lauriston_solar_farm,solar,canterbury,solar,1530920.869565,0.0,1.0,63.0,0.0,2024.0,,2024.0,fixed,edgs_fixed_commissioning_year,,True,Under construction,Lauriston solar farm,lauriston_solar_farm,Solar,Solar,PELE,ASB,Canterbury,23.558811,0.0,3600,34.57,131.018015,1,,
solar_canterbury_mt_somers_solar_farm,solar,canterbury,solar,1238973.043478,0.0,1.0,27.0,0.0,2026.0,2026.0,,flexible,edgs_earliest_commissioning_year,,True,Fully consented,Mt Somers solar farm,mt_somers_solar_farm,Solar,Solar,PELE,ASB,Canterbury,23.558811,0.0,3600,17.28,50.732272,1,,
solar_canterbury_ohau_a_solar_plant,solar,canterbury,solar,922807.26,0.0,1.0,278.0,0.0,2035.0,2035.0,,flexible,assumed_from_status_announced,2035.0,True,Announced,Ohau A solar plant,ohau_a_solar_plant,Solar,Solar,PELE,OHA,Canterbury,23.558811,0.0,3600,29.38,285.920418,1,,
solar_canterbury_swannanoa_solar_farm,solar,canterbury,solar,1187837.309466,0.0,1.0,130.0,0.0,2026.0,2026.0,,flexible,edgs_earliest_commissioning_year,,True,Announced,Swannanoa solar farm,swannanoa_solar_farm,Solar,Solar,PELE,ISL,Canterbury,23.558811,0.0,3600,41.227228,195.646078,1,,
solar_canterbury_the_point_solar_farm,solar,canterbury,solar,884000.872174,0.0,1.0,420.0,0.0,2030.0,2030.0,,flexible,assumed_from_status_applied_for_consent,2030.0,True,Applied for consent,The Point solar farm,the_point_solar_farm,Solar,Solar,PELE,OHC,Canterbury,20.444943,0.0,3600,28.81,400.090366,1,,
solar_canterbury_waipara_solar_farm,solar,canterbury,solar,1007793.60087,0.0,1.0,144.0,0.0,2035.0,2035.0,,flexible,assumed_from_status_announced,2035.0,True,Announced,Waipara solar farm,waipara_solar_farm,Solar,Solar,PELE,WPR,Canterbury,23.558811,0.0,3600,29.96,175.082279,1,,
wind_canterbury_generic_wind_no_69,wind,canterbury,wind,2264257.171581,0.0,1.0,100.0,0.0,2035.0,2035.0,,flexible,assumed_from_status_generic,2035.0,True,Generic,Generic Wind No. 69,generic_wind_no_69,Wind,Wind,PELE,WPR,Canterbury,53.549177,0.0,3600,71.52455,297.950267,1,,
wind_canterbury_mount_cass_wind_farm,wind,canterbury,wind,2217935.56428,0.0,1.0,94.6,0.0,2025.0,2025.0,,flexible,edgs_earliest_commissioning_year,,True,Fully consented,Mount Cass wind farm,mount_cass_wind_farm,Wind,Wind,PELE,WPR,Canterbury,47.270754,0.0,3600,16.00839,225.825095,1,,
wind_canterbury_project_hurunui_wind_farm,wind,canterbury,wind,2188170.623007,0.0,1.0,76.0,0.0,2035.0,2035.0,,flexible,assumed_from_status_generic,2035.0,True,Generic,Project Hurunui Wind Farm,project_hurunui_wind_farm,Wind,Wind,PELE,WPR,Canterbury,52.90131,0.0,3600,46.28364,212.584607,1,,
diesel_peaker_hawkes_bay_whirinaki_peaker_plant,diesel_peaker,hawkes_bay,diesel_peaker,0.0,48.130651,0.327273,155.0,0.0,,,,existing,edgs_status_current,,True,Current,Whirinaki peaker plant,whirinaki_peaker_plant,DslPkr,"Peaker, diesel-fired OCGT",PELE,WHI,Hawke's Bay,27.092632,3.133322,11000,,,1,,
hydro_storage_hawkes_bay_waikaremoana_hydro_scheme,hydro_storage,hawkes_bay,hydro_storage,0.0,0.0,1.0,138.0,0.0,,,,existing,edgs_status_current,,True,Current,Waikaremoana hydro scheme,waikaremoana_hydro_scheme,HydSC,"Hydro, schedulable",PELE,TUI,Hawke's Bay,75.584954,0.0,3600,,,1,,
solar_hawkes_bay_generic_solar_200mw+_15,solar,hawkes_bay,solar,1180625.253913,0.0,1.0,200.0,0.0,2025.0,2025.0,,flexible,edgs_earliest_commissioning_year,,True,Generic,Generic solar (200MW+): 15,generic_solar_200mw+_15,Solar,Solar,PELE,WTU,Hawke's Bay,23.558811,0.0,3600,33.83,269.955051,1,,
solar_hawkes_bay_hawkes_bay_airport_solar_farm,solar,hawkes_bay,solar,1383501.291261,0.0,1.0,40.0,0.0,2025.0,2025.0,,flexible,edgs_earliest_commissioning_year,,True,Announced,Hawke's Bay Airport solar farm,hawkes_bay_airport_solar_farm,Solar,Solar,PELE,RDF,Hawke's Bay,23.558811,0.0,3600,20.444943,75.784995,1,,
solar_hawkes_bay_ongaonga_solar_farm_sky_solar,solar,hawkes_bay,solar,1409841.185396,0.0,1.0,70.0,0.0,2024.0,,2024.0,fixed,edgs_fixed_commissioning_year,,True,Fully consented,Ongaonga solar farm (Sky Solar),ongaonga_solar_farm_sky_solar,Solar,Solar,PELE,WPW,Hawke's Bay,23.558811,0.0,3600,36.64573,135.334613,1,,
solar_hawkes_bay_ongaonga_solar_helios,solar,hawkes_bay,solar,945051.895981,0.0,1.0,100.0,0.0,2035.0,2035.0,,flexible,assumed_from_status_announced,2035.0,True,Announced,Ongaonga solar (Helios),ongaonga_solar_helios,Solar,Solar,PELE,WPW,Hawke's Bay,23.558811,0.0,3600,24.615711,119.120901,1,,
solar_hawkes_bay_tikokino_solar_farm,solar,hawkes_bay,solar,1145019.07913,0.0,1.0,43.0,0.0,2035.0,2035.0,,flexible,assumed_from_status_announced,2035.0,True,Announced,Tikokino solar farm,tikokino_solar_farm,Solar,Solar,PELE,WPW,Hawke's Bay,20.444943,0.0,3600,17.28,66.51582,1,,
wind_hawkes_bay_generic_wind_no_32,wind,hawkes_bay,wind,2145185.381629,0.0,1.0,50.0,0.0,2035.0,2035.0,,flexible,assumed_from_status_generic,2035.0,True,Generic,Generic Wind No. 32,generic_wind_no_32,Wind,Wind,PELE,TUI,Hawke's Bay,47.188298,0.0,3600,3.451366,110.710635,1,,
wind_hawkes_bay_generic_wind_no_70,wind,hawkes_bay,wind,2290354.939044,0.0,1.0,150.0,0.0,2035.0,2035.0,,flexible,assumed_from_status_generic,2035.0,True,Generic,Generic Wind No. 70,generic_wind_no_70,Wind,Wind,PELE,TUI,Hawke's Bay,56.764955,0.0,3600,188.988781,532.542022,1,,
wind_hawkes_bay_harapaki_wind_farm,wind,hawkes_bay,wind,2479818.246401,0.0,1.0,176.0,0.0,2024.0,,2024.0,fixed,edgs_fixed_commissioning_year,,True,Under construction,Harapaki wind farm,harapaki_wind_farm,Wind,Wind,PELE,RDF,Hawke's Bay,41.239698,0.0,3600,21.518302,457.966314,1,,
hydro_storage_manawatu_whanganui_mangahao,hydro_storage,manawatu_whanganui,hydro_storage,0.0,0.0,1.0,39.0,0.0,,,,existing,edgs_status_current,,True,Current,Mangahao,mangahao,HydSC,"Hydro, schedulable",PELE,MHO,Manawatū-Whanganui,76.085855,0.0,3600,,,1,,
solar_manawatu_whanganui_dannevirke_solar_farm,solar,manawatu_whanganui,solar,1194409.962609,0.0,1.0,65.0,0.0,2040.0,2040.0,,flexible,assumed_from_status_early_stages,2040.0,True,Early stages,Dannevirke Solar Farm,dannevirke_solar_farm,Solar,Solar,PELE,DVK,Manawatū-Whanganui,23.558811,0.0,3600,23.62,101.256648,1,,
solar_manawatu_whanganui_foxton_solar_farm,solar,manawatu_whanganui,solar,1249231.794972,0.0,1.0,42.0,0.0,2025.0,2025.0,,flexible,edgs_earliest_commissioning_year,,True,Under construction,Foxton solar farm,foxton_solar_farm,Solar,Solar,PELE,BPE,Manawatū-Whanganui,23.558811,0.0,3600,17.664431,70.132166,1,,
solar_manawatu_whanganui_karioi_solar_farm,solar,manawatu_whanganui,solar,1161956.150372,0.0,1.0,100.0,0.0,2026.0,2026.0,,flexible,edgs_earliest_commissioning_year,,True,Announced,Karioi solar farm,karioi_solar_farm,Solar,Solar,PELE,TNG,Manawatū-Whanganui,23.558811,0.0,3600,26.506869,142.702484,1,,
solar_manawatu_whanganui_mangamaire_solar_farm,solar,manawatu_whanganui,solar,1237790.182643,0.0,1.0,50.0,0.0,2030.0,2030.0,,flexible,assumed_from_status_fully_consented,2030.0,True,Fully consented,Mangamaire solar farm,mangamaire_solar_farm,Solar,Solar,PELE,LTN,Manawatū-Whanganui,23.558811,0.0,3600,17.664431,79.55394,1,,
solar_manawatu_whanganui_marton_solar_farm,solar,manawatu_whanganui,solar,1150585.652174,0.0,1.0,41.0,0.0,2030.0,2030.0,,flexible,assumed_from_status_fully_consented,2030.0,True,Fully consented,Marton solar farm,marton_solar_farm,Solar,Solar,PELE,MTN,Manawatū-Whanganui,23.558811,0.0,3600,17.86,65.034012,1,,
solar_manawatu_whanganui_marton_solar_farm_energy_farms_ltd,solar,manawatu_whanganui,solar,1076983.793043,0.0,1.0,95.0,0.0,2030.0,2030.0,,flexible,assumed_from_status_applied_for_consent,2030.0,True,Applied for consent,Marton Solar Farm (Energy Farms Ltd),marton_solar_farm_energy_farms_ltd,Solar,Solar,PELE,MTN,Manawatū-Whanganui,23.558811,0.0,3600,25.35,127.66346,1,,
solar_manawatu_whanganui_marton_solar_farm_harmony,solar,manawatu_whanganui,solar,1146823.45913,0.0,1.0,73.0,0.0,2030.0,2030.0,,flexible,assumed_from_status_applied_for_consent,2030.0,True,Applied for consent,Marton Solar Farm (Harmony),marton_solar_farm_harmony,Solar,Solar,PELE,MTN,Manawatū-Whanganui,23.558811,0.0,3600,23.33,107.048113,1,,
solar_manawatu_whanganui_palmerston_north_solar_farm,solar,manawatu_whanganui,solar,1315851.715452,0.0,1.0,28.0,0.0,2024.0,2024.0,,flexible,edgs_earliest_commissioning_year,,True,Announced,Palmerston North solar farm,palmerston_north_solar_farm,Solar,Solar,PELE,BPE,Manawatū-Whanganui,23.558811,0.0,3600,20.618725,57.462573,1,,
wind_manawatu_whanganui_generic_wind_no_13,wind,manawatu_whanganui,wind,2198019.71371,0.0,1.0,100.0,0.0,2035.0,2035.0,,flexible,assumed_from_status_generic,2035.0,True,Generic,Generic wind No. 13,generic_wind_no_13,Wind,Wind,PELE,WDV,Manawatū-Whanganui,50.097811,0.0,3600,36.551495,256.353466,1,,
wind_manawatu_whanganui_generic_wind_no_27,wind,manawatu_whanganui,wind,2077325.76613,0.0,1.0,150.0,0.0,2035.0,2035.0,,flexible,assumed_from_status_generic,2035.0,True,Generic,Generic Wind No. 27,generic_wind_no_27,Wind,Wind,PELE,TWC,Manawatū-Whanganui,47.812607,0.0,3600,34.018923,345.617788,1,,
wind_manawatu_whanganui_generic_wind_no_48,wind,manawatu_whanganui,wind,2168762.803947,0.0,1.0,150.0,0.0,2035.0,2035.0,,flexible,assumed_from_status_generic,2035.0,True,Generic,Generic Wind No. 48,generic_wind_no_48,Wind,Wind,PELE,TWC,Manawatū-Whanganui,46.55221,0.0,3600,18.411211,343.725631,1,,
wind_manawatu_whanganui_generic_wind_no_82,wind,manawatu_whanganui,wind,2123094.614511,0.0,1.0,300.0,0.0,2035.0,2035.0,,flexible,assumed_from_status_generic,2035.0,True,Generic,Generic Wind No. 82,generic_wind_no_82,Wind,Wind,PELE,TWC,Manawatū-Whanganui,45.704093,0.0,3600,31.827953,668.756338,1,,
wind_manawatu_whanganui_manawatu_wind_meridian,wind,manawatu_whanganui,wind,2154771.210472,0.0,1.0,200.0,0.0,2035.0,2035.0,,flexible,assumed_from_status_announced,2035.0,True,Announced,Manawatū Wind (Meridian),manawatu_wind_meridian,Wind,Wind,PELE,LTN,Manawatū-Whanganui,49.473503,0.0,3600,57.954675,488.908917,1,,
wind_manawatu_whanganui_mt_munro_wind_farm,wind,manawatu_whanganui,wind,2056439.034864,0.0,1.0,60.0,0.0,2025.0,2025.0,,flexible,edgs_earliest_commissioning_year,,True,Applied for consent,Mt Munro wind farm,mt_munro_wind_farm,Wind,Wind,PELE,MGM,Manawatū-Whanganui,49.826885,0.0,3600,25.891133,149.277475,1,,
wind_manawatu_whanganui_ototoka_wind_farm,wind,manawatu_whanganui,wind,2154488.591125,0.0,1.0,150.0,0.0,2029.0,2029.0,,flexible,edgs_earliest_commissioning_year,,True,Announced,Ototoka Wind Farm,ototoka_wind_farm,Wind,Wind,PELE,BRK,Manawatū-Whanganui,49.237915,0.0,3600,57.954675,381.127963,1,,
wind_manawatu_whanganui_pahiatua_wind_farm,wind,manawatu_whanganui,wind,2161120.467057,0.0,1.0,50.0,0.0,2035.0,2035.0,,flexible,assumed_from_status_announced,2035.0,True,Announced,Pahiatua Wind Farm,pahiatua_wind_farm,Wind,Wind,PELE,MGM,Manawatū-Whanganui,49.485282,0.0,3600,37.953244,146.009268,1,,
wind_manawatu_whanganui_project_huriwaka,wind,manawatu_whanganui,wind,2387653.424708,0.0,1.0,250.0,0.0,2027.0,2027.0,,flexible,edgs_earliest_commissioning_year,,True,Applied for consent,Project Huriwaka,project_huriwaka,Wind,Wind,PELE,TNG,Manawatū-Whanganui,49.473503,0.0,3600,42.429418,639.342775,1,,
wind_manawatu_whanganui_puketoi_wind_farm,wind,manawatu_whanganui,wind,2051791.808129,0.0,1.0,228.0,0.0,2030.0,2030.0,,flexible,assumed_from_status_fully_consented,2030.0,True,Fully consented,Puketoi wind farm,puketoi_wind_farm,Wind,Wind,PELE,BPE,Manawatū-Whanganui,51.417105,0.0,3600,147.560612,615.369144,1,,
wind_manawatu_whanganui_tararua_stage_1_and_2,wind,manawatu_whanganui,wind,0.0,0.0,1.0,68.0,0.0,,,,existing,edgs_status_current,,True,Current,Tararua Stage 1 & 2,tararua_stage_1_and_2,Wind,Wind,PELE,LTN,Manawatū-Whanganui,49.473503,0.0,3600,,,1,,
wind_manawatu_whanganui_tararua_stage_3,wind,manawatu_whanganui,wind,0.0,0.0,1.0,93.0,0.0,,,,existing,edgs_status_current,,True,Current,Tararua Stage 3,tararua_stage_3,Wind,Wind,PELE,WDV,Manawatū-Whanganui,49.473503,0.0,3600,,,1,,
wind_manawatu_whanganui_te_apiti,wind,manawatu_whanganui,wind,0.0,0.0,1.0,90.75,0.0,,,,existing,edgs_status_current,,True,Current,Te Āpiti,te_apiti,Wind,Wind,PELE,WDV,Manawatū-Whanganui,49.473503,0.0,3600,,,1,,
wind_manawatu_whanganui_te_rere_hau,wind,manawatu_whanganui,wind,0.0,0.0,1.0,45.5,0.0,,,,existing,edgs_status_current,,True,Current,Te Rere Hau,te_rere_hau,Wind,Wind,PELE,LTN,Manawatū-Whanganui,49.473503,0.0,3600,,,1,,
wind_manawatu_whanganui_te_rere_hau_expansion,wind,manawatu_whanganui,wind,2580315.363619,0.0,1.0,38.0,0.0,2024.0,2024.0,,flexible,edgs_earliest_commissioning_year,,True,Applied for consent,Te Rere Hau (Expansion),te_rere_hau_expansion,Wind,Wind,PELE,LTN,Manawatū-Whanganui,49.473503,0.0,3600,0.0,98.051984,1,,
wind_manawatu_whanganui_te_rere_hau_repower,wind,manawatu_whanganui,wind,4938000.0,0.0,1.0,124.5,0.0,2024.0,2024.0,,flexible,edgs_earliest_commissioning_year,,True,Fully consented,Te Rere Hau (Repower),te_rere_hau_repower,Wind,Wind,PELE,LTN,Manawatū-Whanganui,49.473503,0.0,3600,23.05,637.831,1,,
wind_manawatu_whanganui_turitea_north,wind,manawatu_whanganui,wind,0.0,0.0,1.0,118.8,0.0,,,,existing,edgs_status_current,,True,Current,Turitea North,turitea_north,Wind,Wind,PELE,LTN,Manawatū-Whanganui,54.161706,0.0,3600,,,1,,
wind_manawatu_whanganui_turitea_south,wind,manawatu_whanganui,wind,0.0,0.0,1.0,102.6,0.0,,,,existing,edgs_status_current,,True,Current,Turitea South,turitea_south,Wind,Wind,PELE,LTN,Manawatū-Whanganui,54.161706,0.0,3600,,,1,,
hydro_run_of_river_marlborough_wairau_hydro_expansion,hydro_run_of_river,marlborough,hydro_run_of_river,5303485.850823,0.0,1.0,72.0,0.0,2040.0,2040.0,,flexible,assumed_from_status_potential,2040.0,True,Potential,Wairau Hydro Expansion,wairau_hydro_expansion,HydRR,"Hydro, run of river",PELE,BLN,Marlborough,74.317368,0.0,3600,13.881733,395.732714,1,,
solar_marlborough_argyle_solar_farm,solar,marlborough,solar,2099993.043478,0.0,1.0,28.0,0.0,2026.0,2026.0,,flexible,edgs_earliest_commissioning_year,,True,Fully consented,Argyle solar farm,argyle_solar_farm,Solar,Solar,PELE,ARG,Marlborough,20.444943,0.0,3600,17.28,76.079805,1,,
solar_marlborough_argyle_solar_farm_northern_area,solar,marlborough,solar,2062690.136522,0.0,1.0,37.0,0.0,2030.0,2030.0,,flexible,assumed_from_status_applied_for_consent,2030.0,True,Applied for consent,Argyle Solar Farm - Northern Area,argyle_solar_farm_northern_area,Solar,Solar,PELE,ARG,Marlborough,23.558811,0.0,3600,17.28,93.599535,1,,
wind_marlborough_generic_wind_no_21,wind,marlborough,wind,2088878.315916,0.0,1.0,50.0,0.0,2035.0,2035.0,,flexible,assumed_from_status_generic,2035.0,True,Generic,Generic Wind No. 21,generic_wind_no_21,Wind,Wind,PELE,BLN,Marlborough,48.790297,0.0,3600,11.508479,115.952395,1,,
wind_marlborough_generic_wind_no_51,wind,marlborough,wind,2163118.159983,0.0,1.0,75.0,0.0,2035.0,2035.0,,flexible,assumed_from_status_generic,2035.0,True,Generic,Generic Wind No. 51,generic_wind_no_51,Wind,Wind,PELE,BLN,Marlborough,50.215605,0.0,3600,34.313408,196.54727,1,,
hydro_storage_nelson_cobb,hydro_storage,nelson,hydro_storage,0.0,0.0,1.0,32.0,0.0,,,,existing,edgs_status_current,,True,Current,Cobb,cobb,HydSC,"Hydro, schedulable",PELE,STK,Nelson,76.464087,0.0,3600,,,1,,
solar_nelson_tasman_district_solar_farm,solar,nelson,solar,1002308.011304,0.0,1.0,130.0,0.0,2035.0,2035.0,,flexible,assumed_from_status_announced,2035.0,True,Announced,Tasman District solar farm,tasman_district_solar_farm,Solar,Solar,PELE,STK,Nelson,23.558811,0.0,3600,31.69,161.990041,1,,
diesel_peaker_northland_bream_bay_peaker,diesel_peaker,northland,diesel_peaker,0.0,50.898764,0.330094,9.0,0.0,,,,existing,edgs_status_current,,True,Current,Bream Bay Peaker,bream_bay_peaker,DslPkr,"Peaker, diesel-fired OCGT",PELE,BRB,Northland,22.38087,3.133322,10906,,,1,,
gas_peaker_northland_generic_ocgt_peaker_5_marsden,gas_peaker,northland,gas_peaker,1213001.596675,44.570325,0.306383,100.0,0.0,2030.0,2030.0,,flexible,edgs_earliest_commissioning_year,,False,Generic,Generic OCGT peaker: 5 (Marsden),generic_ocgt_peaker_5_marsden,GasPkr,"Peaker, gas-fired OCGT",PELE,MDN,Northland,5.418526,2.650366,11750,13.192934,134.493094,1,,
geothermal_northland_ngawha_expansion_stage_5,geothermal,northland,geothermal,9119986.380784,0.0,0.3,25.0,0.0,2035.0,2035.0,,flexible,assumed_from_status_generic,2035.0,True,Generic,Ngāwhā Expansion: Stage 5,ngawha_expansion_stage_5,Geo,Geothermal,PELE,KOE,Northland,223.808703,0.0,12000,17.669108,245.668768,1,,
geothermal_northland_ngawha_expansion_stage_6,geothermal,northland,geothermal,9119986.380784,0.0,0.3,25.0,0.0,2035.0,2035.0,,flexible,assumed_from_status_generic,2035.0,True,Generic,Ngāwhā Expansion: Stage 6,ngawha_expansion_stage_6,Geo,Geothermal,PELE,KOE,Northland,223.808703,0.0,12000,17.669108,245.668768,1,,
geothermal_northland_ngawha_stage_1_and_2,geothermal,northland,geothermal,0.0,0.0,0.3,28.0,0.0,,,,existing,edgs_status_current,,True,Current,Ngāwhā Stage 1 & 2,ngawha_stage_1_and_2,Geo,Geothermal,PELE,KOE,Northland,223.808703,0.0,12000,,,1,,
geothermal_northland_ngawha_stage_3_oec4,geothermal,northland,geothermal,0.0,0.0,0.3,32.0,0.0,,,,existing,edgs_status_current,,True,Current,Ngāwhā Stage 3 (OEC4),ngawha_stage_3_oec4,Geo,Geothermal,PELE,KOE,Northland,223.808703,0.0,12000,,,1,,
geothermal_northland_ngawha_stage_4_oec5,geothermal,northland,geothermal,9190292.115467,0.0,0.3,32.0,0.0,2026.0,2026.0,,flexible,edgs_earliest_commissioning_year,,True,Fully consented,Ngāwhā Stage 4 (OEC5),ngawha_stage_4_oec5,Geo,Geothermal,PELE,KOE,Northland,223.808703,0.0,12000,17.669108,311.758456,1,,
solar_northland_glorit_solar_farm,solar,northland,solar,1072625.439661,0.0,1.0,160.0,0.0,2040.0,2040.0,,flexible,assumed_from_status_early_stages,2040.0,True,Early stages,Glorit solar farm,glorit_solar_farm,Solar,Solar,PELE,WEL,Northland,23.558811,0.0,3600,30.626525,202.246595,1,,
solar_northland_lodestone_dargaville,solar,northland,solar,999935.493835,0.0,1.0,69.0,0.0,2025.0,2025.0,,flexible,edgs_earliest_commissioning_year,,True,Fully consented,Lodestone Dargaville,lodestone_dargaville,Solar,Solar,PELE,MPE,Northland,23.558811,0.0,3600,14.31146,83.307009,1,,
solar_northland_lodestone_kohira_solar_farm,solar,northland,solar,0.0,0.0,1.0,32.0,0.0,,,,existing,edgs_status_current,,True,Current,Lodestone Kohira solar farm,lodestone_kohira_solar_farm,Solar,Solar,PELE,KTA,Northland,23.558811,0.0,3600,,,1,,
solar_northland_maranga_ra_solar_farm,solar,northland,solar,1268075.36557,0.0,1.0,26.7,0.0,2030.0,2030.0,,flexible,assumed_from_status_fully_consented,2030.0,True,Fully consented,Maranga Rā solar farm,maranga_ra_solar_farm,Solar,Solar,PELE,MDN,Northland,23.558811,0.0,3600,17.889325,51.746937,1,,
solar_northland_maungaturoto_solar_farm,solar,northland,solar,1619996.285217,0.0,1.0,20.0,0.0,2035.0,2035.0,,flexible,assumed_from_status_announced,2035.0,True,Announced,Maungaturoto solar farm,maungaturoto_solar_farm,Solar,Solar,PELE,MTO,Northland,23.558811,0.0,3600,18.44,50.839926,1,,
solar_northland_pukenui_solar_farm,solar,northland,solar,1228336.956522,0.0,1.0,22.0,0.0,2025.0,,2025.0,fixed,assumed_from_status_under_construction,2025.0,True,Under construction,Pukenui solar farm,pukenui_solar_farm,Solar,Solar,PELE,KTA,Northland,23.558811,0.0,3600,17.28,44.303413,1,,
solar_northland_ruakaka_solar_farm,solar,northland,solar,1039646.660386,0.0,1.0,120.0,0.0,2024.0,2024.0,,flexible,edgs_earliest_commissioning_year,,True,Applied for consent,Ruakākā solar farm,ruakaka_solar_farm,Solar,Solar,PELE,BRB,Northland,23.558811,0.0,3600,23.849026,148.606625,1,,
solar_northland_twin_rivers_solar_farm,solar,northland,solar,1249208.26087,0.0,1.0,24.0,0.0,2024.0,,2024.0,fixed,edgs_fixed_commissioning_year,,True,Fully consented,Twin Rivers solar farm,twin_rivers_solar_farm,Solar,Solar,PELE,KTA,Northland,20.444943,0.0,3600,24.2,54.180998,1,,
solar_northland_wellsford_solar_farm,solar,northland,solar,1136761.304348,0.0,1.0,76.0,0.0,2030.0,2030.0,,flexible,assumed_from_status_fully_consented,2030.0,True,Fully consented,Wellsford solar farm,wellsford_solar_farm,Solar,Solar,PELE,WEL,Northland,23.558811,0.0,3600,24.77,111.163859,1,,
wind_northland_generic_wind_no_18,wind,northland,wind,2102149.810777,0.0,1.0,300.0,0.0,2035.0,2035.0,,flexible,assumed_from_status_generic,2035.0,True,Generic,Generic Wind No. 18,generic_wind_no_18,Wind,Wind,PELE,MDN,Northland,50.309841,0.0,3600,161.448531,792.093474,1,,
wind_northland_generic_wind_no_37,wind,northland,wind,2228751.664179,0.0,1.0,75.0,0.0,2035.0,2035.0,,flexible,assumed_from_status_generic,2035.0,True,Generic,Generic Wind No. 37,generic_wind_no_37,Wind,Wind,PELE,KOE,Northland,51.028384,0.0,3600,36.551495,203.70787,1,,
wind_northland_generic_wind_no_75,wind,northland,wind,2317707.071831,0.0,1.0,100.0,0.0,2035.0,2035.0,,flexible,assumed_from_status_generic,2035.0,True,Generic,Generic Wind No. 75,generic_wind_no_75,Wind,Wind,PELE,MDN,Northland,48.884533,0.0,3600,19.671607,251.442314,1,,
wind_northland_kaiwaikawe,wind,northland,wind,2154359.017665,0.0,1.0,73.0,0.0,2024.0,2024.0,,flexible,edgs_earliest_commissioning_year,,True,Fully consented,Kaiwaikawe,kaiwaikawe,Wind,Wind,PELE,MPE,Northland,47.082283,0.0,3600,6.93807,164.206278,1,,
bio_reciprocating_otago_generic_reciprocating_biogas_1_halfway_bush,bio_reciprocating,otago,bio_reciprocating,2518865.562924,16.012294,0.315789,10.0,0.0,2030.0,2030.0,,flexible,edgs_earliest_commissioning_year,,False,Generic,Generic Reciprocating Biogas: 1 (Halfway Bush),generic_reciprocating_biogas_1_halfway_bush,BioRecip,Reciprocating Biogas engine,PELE,HWB,Otago,21.173282,0.0,11400,0.661665,25.850321,1,,
hydro_run_of_river_otago_clutha_river_beaumont_expansion,hydro_run_of_river,otago,hydro_run_of_river,6536047.929251,0.0,1.0,185.0,0.0,2040.0,2040.0,,flexible,assumed_from_status_potential,2040.0,True,Potential,Clutha River - Beaumont Expansion,clutha_river_beaumont_expansion,HydRR,"Hydro, run of river",PELE,ROX,Otago,68.265665,0.0,3600,18.658955,1227.827821,1,,
hydro_run_of_river_otago_clutha_river_luggate_expansion,hydro_run_of_river,otago,hydro_run_of_river,5906374.249,0.0,1.0,80.0,0.0,2040.0,2040.0,,flexible,assumed_from_status_potential,2040.0,True,Potential,Clutha River - Luggate expansion,clutha_river_luggate_expansion,HydRR,"Hydro, run of river",PELE,ROX,Otago,73.571127,0.0,3600,9.527977,482.037917,1,,
hydro_run_of_river_otago_clutha_river_queensberry_expansion,hydro_run_of_river,otago,hydro_run_of_river,6536047.929251,0.0,1.0,110.0,0.0,2040.0,2040.0,,flexible,assumed_from_status_potential,2040.0,True,Potential,Clutha River - Queensberry expansion,clutha_river_queensberry_expansion,HydRR,"Hydro, run of river",PELE,ROX,Otago,69.604808,0.0,3600,18.658955,737.624227,1,,
hydro_run_of_river_otago_clutha_river_tuapeka_expansion,hydro_run_of_river,otago,hydro_run_of_river,5373303.225411,0.0,1.0,350.0,0.0,2040.0,2040.0,,flexible,assumed_from_status_potential,2040.0,True,Potential,Clutha River - Tuapeka expansion,clutha_river_tuapeka_expansion,HydRR,"Hydro, run of river",PELE,ROX,Otago,59.433449,0.0,3600,28.451597,1909.107726,1,,
hydro_storage_otago_clyde_and_roxburgh_hydro_scheme,hydro_storage,otago,hydro_storage,0.0,0.0,1.0,752.0,0.0,,,,existing,edgs_status_current,,True,Current,Clyde and Roxburgh hydro scheme,clyde_and_roxburgh_hydro_scheme,HydSC,"Hydro, schedulable",PELE,ROX,Otago,57.593404,0.0,3600,,,1,,
hydro_storage_otago_waipori_power_scheme,hydro_storage,otago,hydro_storage,0.0,0.0,1.0,87.0,0.0,,,,existing,edgs_status_current,,True,Current,Waipori power scheme,waipori_power_scheme,HydSC,"Hydro, schedulable",PELE,BWK,Otago,98.973969,0.0,3600,,,1,,
solar_otago_generic_solar_101_200mw_35,solar,otago,solar,1258714.73913,0.0,1.0,120.0,0.0,2025.0,2025.0,,flexible,edgs_earliest_commissioning_year,,True,Generic,Generic solar (101-200MW): 35,generic_solar_101_200mw_35,Solar,Solar,PELE,OAM,Otago,23.558811,0.0,3600,28.84,179.885769,1,,
solar_otago_generic_solar_200mw+_33,solar,otago,solar,1142792.433913,0.0,1.0,200.0,0.0,2025.0,2025.0,,flexible,edgs_earliest_commissioning_year,,True,Generic,Generic solar (200MW+): 33,generic_solar_200mw+_33,Solar,Solar,PELE,HWB,Otago,23.558811,0.0,3600,44.6,273.158487,1,,
solar_otago_generic_solar_200mw+_56,solar,otago,solar,1204151.213913,0.0,1.0,200.0,0.0,2030.0,2030.0,,flexible,edgs_earliest_commissioning_year,,True,Generic,Generic solar (200MW+): 56,generic_solar_200mw+_56,Solar,Solar,PELE,SDN,Otago,23.558811,0.0,3600,52.93,293.760243,1,,
solar_otago_maniototo_solar_farm,solar,otago,solar,978039.439915,0.0,1.0,300.0,0.0,2035.0,2035.0,,flexible,assumed_from_status_announced,2035.0,True,Announced,Maniototo solar farm,maniototo_solar_farm,Solar,Solar,PELE,NSY,Otago,20.444943,0.0,3600,38.283156,331.694988,1,,
solar_otago_naseby_solar_farm,solar,otago,solar,1396525.335781,0.0,1.0,59.0,0.0,2030.0,2030.0,,flexible,assumed_from_status_fully_consented,2030.0,True,Fully consented,Naseby solar farm,naseby_solar_farm,Solar,Solar,PELE,NSY,Otago,23.558811,0.0,3600,21.038018,103.433013,1,,
wind_otago_generic_wind_no_47,wind,otago,wind,2127852.685452,0.0,1.0,300.0,0.0,2035.0,2035.0,,flexible,assumed_from_status_generic,2035.0,True,Generic,Generic Wind No. 47,generic_wind_no_47,Wind,Wind,PELE,ROX,Otago,46.740681,0.0,3600,56.376234,694.73204,1,,
wind_otago_kaihiku_wind_farm,wind,otago,wind,2958000.0,0.0,1.0,300.0,0.0,2028.0,2028.0,,flexible,edgs_earliest_commissioning_year,,True,Early stages,Kaihiku wind farm,kaihiku_wind_farm,Wind,Wind,PELE,KHK,Otago,49.473503,0.0,3600,42.0,929.4,1,,
wind_otago_mahinerangi_1,wind,otago,wind,0.0,0.0,1.0,36.0,0.0,,,,existing,edgs_status_current,,True,Current,Mahinerangi 1,mahinerangi_1,Wind,Wind,PELE,HWB,Otago,49.473503,0.0,3600,,,1,,
wind_otago_mahinerangi_stage_2,wind,otago,wind,2162973.689502,0.0,1.0,138.0,0.0,2030.0,2030.0,,flexible,assumed_from_status_fully_consented,2030.0,True,Fully consented,Mahinerangi (Stage 2),mahinerangi_stage_2,Wind,Wind,PELE,HWB,Otago,48.613606,0.0,3600,47.35321,345.843579,1,,
hydro_storage_southland_manapouri,hydro_storage,southland,hydro_storage,0.0,0.0,1.0,800.0,0.0,,,,existing,edgs_status_current,,True,Current,Manapōuri,manapouri,HydSC,"Hydro, schedulable",PELE,MAN,Southland,35.339084,0.0,3600,,,1,,
solar_southland_generic_solar_200mw+_43,solar,southland,solar,1182064.813913,0.0,1.0,200.0,0.0,2025.0,2025.0,,flexible,edgs_earliest_commissioning_year,,True,Generic,Generic solar (200MW+): 43,generic_solar_200mw+_43,Solar,Solar,PELE,INV,Southland,23.558811,0.0,3600,49.21,285.622963,1,,
solar_southland_generic_solar_<100_mw_62,solar,southland,solar,1397494.23913,0.0,1.0,60.0,0.0,2030.0,2030.0,,flexible,edgs_earliest_commissioning_year,,True,Generic,Generic solar (<100 MW): 62,generic_solar_<100_mw_62,Solar,Solar,PELE,EDN,Southland,23.558811,0.0,3600,20.2,104.049654,1,,
wind_southland_generic_wind_no_43,wind,southland,wind,2216269.954893,0.0,1.0,150.0,0.0,2035.0,2035.0,,flexible,assumed_from_status_generic,2035.0,True,Generic,Generic Wind No. 43,generic_wind_no_43,Wind,Wind,PELE,TWI,Southland,48.083533,0.0,3600,25.985368,358.425862,1,,
wind_southland_generic_wind_no_49,wind,southland,wind,2127763.641,0.0,1.0,100.0,0.0,2035.0,2035.0,,flexible,assumed_from_status_generic,2035.0,True,Generic,Generic Wind No. 49,generic_wind_no_49,Wind,Wind,PELE,TWI,Southland,50.356958,0.0,3600,37.458509,250.234873,1,,
wind_southland_generic_wind_no_52,wind,southland,wind,2229448.533804,0.0,1.0,50.0,0.0,2035.0,2035.0,,flexible,assumed_from_status_generic,2035.0,True,Generic,Generic Wind No. 52,generic_wind_no_52,Wind,Wind,PELE,TWI,Southland,52.606825,0.0,3600,25.419957,136.892384,1,,
wind_southland_jericho_wind_farm,wind,southland,wind,2150493.205274,0.0,1.0,35.0,0.0,2026.0,2026.0,,flexible,edgs_earliest_commissioning_year,,True,Announced,Jericho Wind Farm,jericho_wind_farm,Wind,Wind,PELE,NMA,Southland,49.473503,0.0,3600,17.669108,92.93637,1,,
wind_southland_kaiwera_downs_wind_stage_1,wind,southland,wind,0.0,0.0,1.0,43.0,0.0,,,,existing,edgs_status_current,,True,Current,Kaiwera Downs wind (Stage 1),kaiwera_downs_wind_stage_1,Wind,Wind,PELE,GOR,Southland,48.012857,0.0,3600,,,1,,
wind_southland_kaiwera_downs_wind_stage_2,wind,southland,wind,1891463.899794,0.0,1.0,155.0,0.0,2030.0,2030.0,,flexible,assumed_from_status_fully_consented,2030.0,True,Fully consented,Kaiwera Downs wind (Stage 2),kaiwera_downs_wind_stage_2,Wind,Wind,PELE,GOR,Southland,48.012857,0.0,3600,0.0,293.176904,1,,
wind_southland_southland_wind_farm,wind,southland,wind,2866233.120708,0.0,1.0,300.0,0.0,2030.0,2030.0,,flexible,assumed_from_status_applied_for_consent,2030.0,True,Applied for consent,Southland Wind Farm,southland_wind_farm,Wind,Wind,PELE,GOR,Southland,49.473503,0.0,3600,47.023369,906.893305,1,,
wind_southland_white_hill,wind,southland,wind,0.0,0.0,1.0,58.0,0.0,,,,existing,edgs_status_current,,True,Current,White Hill,white_hill,Wind,Wind,PELE,TWI,Southland,49.473503,0.0,3600,,,1,,
ccgt_taranaki_taranaki_combined_cycle_tcc,ccgt,taranaki,ccgt,0.0,10.116153,0.467532,380.0,0.0,,,,existing,edgs_status_current,,True,Current,Taranaki Combined Cycle (TCC),taranaki_combined_cycle_tcc,CCGT,Combined cycle gas turbine,PELE,SFD,Taranaki,48.295562,0.518294,7700,,,1,,
gas_cogeneration_taranaki_kapuni_cogeneration_plant,gas_cogeneration,taranaki,gas_cogeneration,0.0,18.276925,0.387097,25.0,0.0,,,,existing,edgs_status_current,,True,Current,Kapuni cogeneration plant,kapuni_cogeneration_plant,GasCog,"Cogeneration, gas-fired",PCHP,KPA,Taranaki,48.295562,1.319293,9300,,,1,,
gas_cogeneration_taranaki_whareroa_cogeneration_plant,gas_cogeneration,taranaki,gas_cogeneration,0.0,17.997289,0.387097,70.0,0.0,,,,existing,edgs_status_current,,True,Current,Whareroa cogeneration plant,whareroa_cogeneration_plant,GasCog,"Cogeneration, gas-fired",PCHP,HWA,Taranaki,46.316554,1.32333,9300,,,1,,
gas_peaker_taranaki_generic_ocgt_peaker_2_stratford,gas_peaker,taranaki,gas_peaker,1213001.596675,44.570325,0.306383,100.0,0.0,2025.0,2025.0,,flexible,edgs_earliest_commissioning_year,,False,Generic,Generic OCGT peaker: 2 (Stratford),generic_ocgt_peaker_2_stratford,GasPkr,"Peaker, gas-fired OCGT",PELE,SFD,Taranaki,5.418526,2.650366,11750,13.192934,134.493094,1,,
gas_peaker_taranaki_junction_road_power_plant,gas_peaker,taranaki,gas_peaker,0.0,24.925222,0.342857,100.0,0.0,,,,existing,edgs_status_current,,True,Current,Junction Road power plant,junction_road_power_plant,GasPkr,"Peaker, gas-fired OCGT",PELE,NPL,Taranaki,22.38087,1.319293,10500,,,1,,
gas_peaker_taranaki_mckee_power_plant,gas_peaker,taranaki,gas_peaker,0.0,24.925222,0.342857,100.0,0.0,,,,existing,edgs_status_current,,True,Current,McKee power plant,mckee_power_plant,GasPkr,"Peaker, gas-fired OCGT",PELE,SFD,Taranaki,22.38087,1.319293,10500,,,1,,
gas_peaker_taranaki_stratford_peaker,gas_peaker,taranaki,gas_peaker,0.0,15.689084,0.404176,210.0,0.0,,,,existing,edgs_status_current,,True,Current,Stratford Peaker,stratford_peaker,GasPkr,"Peaker, gas-fired OCGT",PELE,SFD,Taranaki,22.38087,0.518294,8907,,,1,,
hydro_storage_taranaki_patea,hydro_storage,taranaki,hydro_storage,0.0,0.0,1.0,33.0,0.0,,,,existing,edgs_status_current,,True,Current,Patea,patea,HydSC,"Hydro, schedulable",PELE,NPL,Taranaki,76.402752,0.0,3600,,,1,,
ocgt_taranaki_mangahewa_power_station,ocgt,taranaki,ocgt,0.0,16.726756,0.310345,9.6,0.0,,,,existing,edgs_status_current,,True,Current,Mangahewa Power Station,mangahewa_power_station,OCGT,Open cycle gas turbine,PELE,SFD,Taranaki,11.779405,0.0,11600,,,1,,
solar_taranaki_generic_solar_101_200mw_85,solar,taranaki,solar,1230818.226957,0.0,1.0,140.0,0.0,2040.0,2040.0,,flexible,edgs_earliest_commissioning_year,,True,Generic,Generic solar (101-200MW): 85,generic_solar_101_200mw_85,Solar,Solar,PELE,CST,Taranaki,23.558811,0.0,3600,52.56,224.874552,1,,
solar_taranaki_opunake_solar_farm_energy_farms_ltd,solar,taranaki,solar,730634.145217,0.0,1.0,80.0,0.0,2030.0,2030.0,,flexible,assumed_from_status_applied_for_consent,2030.0,True,Applied for consent,Ōpunake solar farm (Energy Farms Ltd),opunake_solar_farm_energy_farms_ltd,Solar,Solar,PELE,OPK,Taranaki,23.558811,0.0,3600,20.0,78.450732,1,,
solar_taranaki_opunake_solar_farm_harmony_energy,solar,taranaki,solar,1160387.818261,0.0,1.0,75.0,0.0,2030.0,2030.0,,flexible,assumed_from_status_applied_for_consent,2030.0,True,Applied for consent,Ōpunake solar farm (Harmony Energy),opunake_solar_farm_harmony_energy,Solar,Solar,PELE,OPK,Taranaki,23.558811,0.0,3600,23.33,110.359086,1,,
solar_taranaki_skinner_road_solar_farm,solar,taranaki,solar,1199320.242609,0.0,1.0,32.0,0.0,2035.0,2035.0,,flexible,assumed_from_status_announced,2035.0,True,Announced,Skinner Road solar farm,skinner_road_solar_farm,Solar,Solar,PELE,SFD,Taranaki,20.444943,0.0,3600,17.28,55.658248,1,,
solar_taranaki_taranaki_solar_farm_meridian,solar,taranaki,solar,1155153.460938,0.0,1.0,150.0,0.0,2035.0,2035.0,,flexible,assumed_from_status_announced,2035.0,True,Announced,Taranaki solar farm (Meridian),taranaki_solar_farm_meridian,Solar,Solar,PELE,HUI,Taranaki,23.558811,0.0,3600,32.456347,205.729366,1,,
solar_taranaki_three_streams_solar_farm,solar,taranaki,solar,1200740.082609,0.0,1.0,32.0,0.0,2030.0,2030.0,,flexible,assumed_from_status_applied_for_consent,2030.0,True,Applied for consent,Three Streams solar farm,three_streams_solar_farm,Solar,Solar,PELE,SFD,Taranaki,20.444943,0.0,3600,17.28,55.703683,1,,
solar_taranaki_waitara_solar_farm,solar,taranaki,solar,1076221.143478,0.0,1.0,72.0,0.0,2030.0,2030.0,,flexible,assumed_from_status_applied_for_consent,2030.0,True,Applied for consent,Waitara solar farm,waitara_solar_farm,Solar,Solar,PELE,MNI,Taranaki,23.558811,0.0,3600,24.77,102.257922,1,,
wind_taranaki_generic_wind_no_72,wind,taranaki,wind,2116602.112503,0.0,1.0,100.0,0.0,2035.0,2035.0,,flexible,assumed_from_status_generic,2035.0,True,Generic,Generic Wind No. 72,generic_wind_no_72,Wind,Wind,PELE,WVY,Taranaki,49.826885,0.0,3600,29.295381,240.955593,1,,
wind_taranaki_generic_wind_no_74,wind,taranaki,wind,2308310.946385,0.0,1.0,200.0,0.0,2035.0,2035.0,,flexible,assumed_from_status_generic,2035.0,True,Generic,Generic Wind No. 74,generic_wind_no_74,Wind,Wind,PELE,WVY,Taranaki,48.001077,0.0,3600,45.633417,507.295606,1,,
wind_taranaki_taranaki_wind_meridian,wind,taranaki,wind,2154771.210472,0.0,1.0,300.0,0.0,2035.0,2035.0,,flexible,assumed_from_status_announced,2035.0,True,Announced,Taranaki Wind (Meridian),taranaki_wind_meridian,Wind,Wind,PELE,OPK,Taranaki,48.14243,0.0,3600,57.954675,704.386038,1,,
wind_taranaki_waipipi,wind,taranaki,wind,0.0,0.0,1.0,133.0,0.0,,,,existing,edgs_status_current,,True,Current,Waipipi,waipipi,Wind,Wind,PELE,WVY,Taranaki,49.473503,0.0,3600,,,1,,
ccgt_waikato_huntly_unit_5_e3p,ccgt,waikato,ccgt,0.0,15.888062,0.486486,403.0,0.0,,,,existing,edgs_status_current,,True,Current,Huntly Unit 5 (e3p),huntly_unit_5_e3p,CCGT,Combined cycle gas turbine,PELE,HLY,Waikato,48.295562,1.319293,7400,,,1,,
coal_waikato_huntly_unit_1_coal,coal,waikato,coal,0.0,23.293774,0.330275,200.0,0.0,,,,existing,edgs_status_current,,True,Current,Huntly Unit 1 (Coal),huntly_unit_1_coal,Coal,Coal,PELE,HLY,Waikato,96.591125,0.883455,10900,,,1,,
coal_waikato_huntly_unit_2_coal,coal,waikato,coal,0.0,23.293774,0.330275,200.0,0.0,,,,existing,edgs_status_current,,True,Current,Huntly Unit 2 (Coal),huntly_unit_2_coal,Coal,Coal,PELE,HLY,Waikato,96.591125,0.883455,10900,,,1,,
gas_peaker_waikato_generic_ocgt_peaker_1_huntly,gas_peaker,waikato,gas_peaker,1213001.596675,44.570325,0.306383,100.0,0.0,2025.0,2025.0,,flexible,edgs_earliest_commissioning_year,,False,Generic,Generic OCGT peaker: 1 (Huntly),generic_ocgt_peaker_1_huntly,GasPkr,"Peaker, gas-fired OCGT",PELE,HLY,Waikato,5.418526,2.650366,11750,13.192934,134.493094,1,,
gas_peaker_waikato_generic_ocgt_peaker_6_huntly,gas_peaker,waikato,gas_peaker,1213001.596675,44.570325,0.306383,100.0,0.0,2030.0,2030.0,,flexible,edgs_earliest_commissioning_year,,False,Generic,Generic OCGT peaker: 6 (Huntly),generic_ocgt_peaker_6_huntly,GasPkr,"Peaker, gas-fired OCGT",PELE,HLY,Waikato,5.418526,2.650366,11750,13.192934,134.493094,1,,
gas_peaker_waikato_generic_ocgt_peaker_8_huntly,gas_peaker,waikato,gas_peaker,1213001.596675,44.570325,0.306383,100.0,0.0,2045.0,2045.0,,flexible,edgs_earliest_commissioning_year,,False,Generic,Generic OCGT peaker: 8 (Huntly),generic_ocgt_peaker_8_huntly,GasPkr,"Peaker, gas-fired OCGT",PELE,HLY,Waikato,5.418526,2.650366,11750,13.192934,134.493094,1,,
geothermal_waikato_atiamuri_geothermal,geothermal,waikato,geothermal,11416932.450797,0.0,0.3,5.0,0.0,2040.0,2040.0,,flexible,edgs_earliest_commissioning_year,,True,Generic,Ātiamuri Geothermal,atiamuri_geothermal,Geo,Geothermal,PELE,WKM,Waikato,223.808703,0.0,12000,32.393365,89.478027,1,,
geothermal_waikato_mokai,geothermal,waikato,geothermal,0.0,0.0,0.3,113.0,0.0,,,,existing,edgs_status_current,,True,Current,Mōkai,mokai,Geo,Geothermal,PELE,WKM,Waikato,223.808703,0.0,12000,,,1,,
geothermal_waikato_nga_awa_purua,geothermal,waikato,geothermal,0.0,0.0,0.3,140.0,0.0,,,,existing,edgs_status_current,,True,Current,Ngā Awa Pūrua,nga_awa_purua,Geo,Geothermal,PELE,WRK,Waikato,223.808703,0.0,12000,,,1,,
geothermal_waikato_ngatamariki,geothermal,waikato,geothermal,0.0,0.0,0.3,85.0,0.0,,,,existing,edgs_status_current,,True,Current,Ngātamariki,ngatamariki,Geo,Geothermal,PELE,OKI,Waikato,123.683757,0.0,12000,,,1,,
geothermal_waikato_ngatamariki_expansion,geothermal,waikato,geothermal,4412882.352941,0.0,0.3,46.0,0.0,2030.0,2030.0,,flexible,assumed_from_status_fully_consented,2030.0,True,Fully consented,Ngātamariki expansion,ngatamariki_expansion,Geo,Geothermal,PELE,WRK,Waikato,223.808703,0.0,12000,17.5,220.492588,1,,
geothermal_waikato_ohaaki,geothermal,waikato,geothermal,0.0,0.0,0.3,50.0,0.0,,,,existing,edgs_status_current,,True,Current,Ōhaaki,ohaaki,Geo,Geothermal,PELE,OKI,Waikato,223.808703,0.0,12000,,,1,,
geothermal_waikato_poihipi_road,geothermal,waikato,geothermal,0.0,0.0,0.3,50.0,0.0,,,,existing,edgs_status_current,,True,Current,Poihipi Road,poihipi_road,Geo,Geothermal,PELE,PPI,Waikato,223.808703,0.0,12000,,,1,,
geothermal_waikato_reporoa_stage_2,geothermal,waikato,geothermal,7162029.807109,0.0,0.3,25.0,0.0,2040.0,2040.0,,flexible,edgs_earliest_commissioning_year,,True,Generic,Reporoa: Stage 2,reporoa_stage_2,Geo,Geothermal,PELE,WRK,Waikato,223.808703,0.0,12000,17.669108,196.719853,1,,
geothermal_waikato_rotokawa,geothermal,waikato,geothermal,0.0,0.0,0.3,34.0,0.0,,,,existing,edgs_status_current,,True,Current,Rotokawa,rotokawa,Geo,Geothermal,PELE,WRK,Waikato,223.808703,0.0,12000,,,1,,
geothermal_waikato_tauhara_stage_1,geothermal,waikato,geothermal,5289733.333333,0.0,0.3,152.0,0.0,2024.0,,2024.0,fixed,edgs_fixed_commissioning_year,,True,Under construction,Tauhara Stage 1,tauhara_stage_1,Geo,Geothermal,PELE,WRK,Waikato,223.808703,0.0,12000,25.0,829.039467,1,,
geothermal_waikato_tauhara_stage_1_expansion,geothermal,waikato,geothermal,5272360.0,0.0,0.3,22.0,0.0,2026.0,2026.0,,flexible,edgs_earliest_commissioning_year,,True,Fully consented,Tauhara Stage 1 expansion,tauhara_stage_1_expansion,Geo,Geothermal,PELE,WRK,Waikato,223.808703,0.0,12000,0.0,115.99192,1,,
geothermal_waikato_te_huka_binary,geothermal,waikato,geothermal,0.0,0.0,0.3,28.0,0.0,,,,existing,edgs_status_current,,True,Current,Te Huka (Binary),te_huka_binary,Geo,Geothermal,PELE,WRK,Waikato,251.43272,0.0,12000,,,1,,
geothermal_waikato_te_huka_unit_3,geothermal,waikato,geothermal,5966384.571058,0.0,0.3,51.4,0.0,2024.0,,2024.0,fixed,edgs_fixed_commissioning_year,,True,Under construction,Te Huka Unit 3,te_huka_unit_3,Geo,Geothermal,PELE,WRK,Waikato,251.43272,0.0,12000,17.664431,324.336598,1,,
geothermal_waikato_te_mihi,geothermal,waikato,geothermal,0.0,0.0,0.3,166.0,0.0,,,,existing,edgs_status_current,,True,Current,Te Mihi,te_mihi,Geo,Geothermal,PELE,WRK,Waikato,223.808703,0.0,12000,,,1,,
geothermal_waikato_te_mihi_expansion,geothermal,waikato,geothermal,5576370.529944,0.0,0.3,180.0,0.0,2030.0,2030.0,,flexible,assumed_from_status_fully_consented,2030.0,True,Fully consented,Te Mihi (expansion),te_mihi_expansion,Geo,Geothermal,PELE,WRK,Waikato,223.808703,0.0,12000,29.448514,1033.195209,1,,
geothermal_waikato_tokaanu_geothermal_stage_2,geothermal,waikato,geothermal,5983749.075011,0.0,0.3,100.0,0.0,2040.0,2040.0,,flexible,edgs_earliest_commissioning_year,,True,Generic,Tokaanu Geothermal (Stage 2),tokaanu_geothermal_stage_2,Geo,Geothermal,PELE,TKU,Waikato,223.808703,0.0,12000,23.558811,621.933718,1,,
geothermal_waikato_wairakei_a_and_b,geothermal,waikato,geothermal,0.0,0.0,0.3,117.0,0.0,,,,existing,edgs_status_current,,True,Current,Wairākei A & B,wairakei_a_and_b,Geo,Geothermal,PELE,WRK,Waikato,223.808703,0.0,12000,,,1,,
geothermal_waikato_wairakei_binary,geothermal,waikato,geothermal,0.0,0.0,0.3,14.4,0.0,,,,existing,edgs_status_current,,True,Current,Wairākei Binary,wairakei_binary,Geo,Geothermal,PELE,WRK,Waikato,223.808703,0.0,12000,,,1,,
geothermal_waikato_wairakei_c_and_d,geothermal,waikato,geothermal,5889702.714347,0.0,0.3,40.0,0.0,2030.0,2030.0,,flexible,assumed_from_status_fully_consented,2030.0,True,Fully consented,Wairākei C & D,wairakei_c_and_d,Geo,Geothermal,PELE,WRK,Waikato,223.808703,0.0,12000,3.298234,238.886342,1,,
hydro_storage_waikato_bunnythorpe_hydro_scheme,hydro_storage,waikato,hydro_storage,0.0,0.0,1.0,360.0,0.0,,,,existing,edgs_status_current,,True,Current,Bunnythorpe hydro scheme,bunnythorpe_hydro_scheme,HydSC,"Hydro, schedulable",PELE,TKU,Waikato,67.468312,0.0,3600,,,1,,
hydro_storage_waikato_waikato_river_hydro_scheme,hydro_storage,waikato,hydro_storage,0.0,0.0,1.0,1095.5,0.0,,,,existing,edgs_status_current,,True,Current,Waikato River hydro scheme,waikato_river_hydro_scheme,HydSC,"Hydro, schedulable",PELE,WKM,Waikato,67.458089,0.0,3600,,,1,,
ocgt_waikato_huntly_unit_1_gas,ocgt,waikato,ocgt,0.0,25.688527,0.330275,50.0,0.0,,,,existing,edgs_status_current,,True,Current,Huntly Unit 1 (Gas),huntly_unit_1_gas,OCGT,Open cycle gas turbine,PELE,HLY,Waikato,82.455838,1.319293,10900,,,1,,
ocgt_waikato_huntly_unit_2_gas,ocgt,waikato,ocgt,0.0,25.688527,0.330275,50.0,0.0,,,,existing,edgs_status_current,,True,Current,Huntly Unit 2 (Gas),huntly_unit_2_gas,OCGT,Open cycle gas turbine,PELE,HLY,Waikato,82.455838,1.319293,10900,,,1,,
ocgt_waikato_huntly_unit_6_p40,ocgt,waikato,ocgt,0.0,25.311586,0.342043,50.8,0.0,,,,existing,edgs_status_current,,True,Current,Huntly Unit 6 (P40),huntly_unit_6_p40,OCGT,Open cycle gas turbine,PELE,HLY,Waikato,22.38087,1.319293,10525,,,1,,
ocgt_waikato_waikato_power_plant,ocgt,waikato,ocgt,1528758.952784,27.269324,0.306383,360.0,0.0,2030.0,2030.0,,flexible,assumed_from_status_fully_consented,2030.0,False,Fully consented,Waikato Power Plant,waikato_power_plant,OCGT,Open cycle gas turbine,PELE,HTI,Waikato,5.418526,1.177941,11750,5.889703,556.242926,1,,
other_cogeneration_waikato_kinleith_cogeneration_plant,other_cogeneration,waikato,other_cogeneration,0.0,27.13975,0.3,39.6,0.0,,,,existing,edgs_status_current,,True,Current,Kinleith cogeneration plant,kinleith_cogeneration_plant,OthCog,"Cogeneration, other",ACHP,KIN,Waikato,82.455838,1.319293,12000,,,1,,
solar_waikato_generic_solar_101_200mw_42,solar,waikato,solar,1255266.311304,0.0,1.0,100.0,0.0,2025.0,2025.0,,flexible,edgs_earliest_commissioning_year,,True,Generic,Generic solar (101-200MW): 42,generic_solar_101_200mw_42,Solar,Solar,PELE,ARI,Waikato,23.558811,0.0,3600,23.48,149.006631,1,,
solar_waikato_generic_solar_200mw+_29,solar,waikato,solar,1197564.733913,0.0,1.0,200.0,0.0,2025.0,2025.0,,flexible,edgs_earliest_commissioning_year,,True,Generic,Generic solar (200MW+): 29,generic_solar_200mw+_29,Solar,Solar,PELE,HAM,Waikato,23.558811,0.0,3600,53.83,293.342947,1,,
solar_waikato_generic_solar_200mw+_75,solar,waikato,solar,1180428.053913,0.0,1.0,200.0,0.0,2030.0,2030.0,,flexible,edgs_earliest_commissioning_year,,True,Generic,Generic solar (200MW+): 75,generic_solar_200mw+_75,Solar,Solar,PELE,HLY,Waikato,23.558811,0.0,3600,30.99,267.075611,1,,
solar_waikato_generic_solar_200mw+_81,solar,waikato,solar,1199349.393913,0.0,1.0,200.0,0.0,2030.0,2030.0,,flexible,edgs_earliest_commissioning_year,,True,Generic,Generic solar (200MW+): 81,generic_solar_200mw+_81,Solar,Solar,PELE,HAM,Waikato,23.558811,0.0,3600,54.76,294.629879,1,,
solar_waikato_generic_solar_<100_mw_46,solar,waikato,solar,1323524.51913,0.0,1.0,60.0,0.0,2025.0,2025.0,,flexible,edgs_earliest_commissioning_year,,True,Generic,Generic solar (<100 MW): 46,generic_solar_<100_mw_46,Solar,Solar,PELE,HIN,Waikato,23.558811,0.0,3600,16.17,95.581471,1,,
solar_waikato_rangiriri_solar_farm,solar,waikato,solar,1146251.061637,0.0,1.0,130.0,0.0,2030.0,2030.0,,flexible,assumed_from_status_fully_consented,2030.0,True,Fully consented,Rangiriri solar farm,rangiriri_solar_farm,Solar,Solar,PELE,MER,Waikato,23.558811,0.0,3600,31.219428,180.232066,1,,
solar_waikato_tauhei_solar_farm,solar,waikato,solar,1091586.617572,0.0,1.0,147.0,0.0,2030.0,2030.0,,flexible,assumed_from_status_fully_consented,2030.0,True,Fully consented,Tauhei solar farm,tauhei_solar_farm,Solar,Solar,PELE,WHU,Waikato,23.558811,0.0,3600,34.1635,194.626733,1,,
solar_waikato_waiterimu_solar_farm,solar,waikato,solar,1166636.447609,0.0,1.0,140.0,0.0,2030.0,2030.0,,flexible,assumed_from_status_fully_consented,2030.0,True,Fully consented,Waiterimu solar farm,waiterimu_solar_farm,Solar,Solar,PELE,WAT,Waikato,23.558811,0.0,3600,29.45094,192.780043,1,,
solar_waikato_warenga_solar_farm,solar,waikato,solar,1108171.021971,0.0,1.0,180.0,0.0,2030.0,2030.0,,flexible,assumed_from_status_fully_consented,2030.0,True,Fully consented,Warenga solar farm,warenga_solar_farm,Solar,Solar,PELE,HLY,Waikato,23.558811,0.0,3600,43.588618,243.059402,1,,
wind_waikato_generic_wind_no_20,wind,waikato,wind,2187264.692495,0.0,1.0,200.0,0.0,2035.0,2035.0,,flexible,assumed_from_status_generic,2035.0,True,Generic,Generic Wind No. 20,generic_wind_no_20,Wind,Wind,PELE,HLY,Waikato,48.94343,0.0,3600,74.222034,511.674972,1,,
wind_waikato_generic_wind_no_24,wind,waikato,wind,2083264.643935,0.0,1.0,300.0,0.0,2035.0,2035.0,,flexible,assumed_from_status_generic,2035.0,True,Generic,Generic Wind No. 24,generic_wind_no_24,Wind,Wind,PELE,WRK,Waikato,45.656975,0.0,3600,25.985368,650.964762,1,,
wind_waikato_generic_wind_no_55,wind,waikato,wind,2256130.897452,0.0,1.0,150.0,0.0,2035.0,2035.0,,flexible,assumed_from_status_generic,2035.0,True,Generic,Generic Wind No. 55,generic_wind_no_55,Wind,Wind,PELE,TKU,Waikato,46.717122,0.0,3600,24.524722,362.944357,1,,
wind_waikato_generic_wind_no_61,wind,waikato,wind,2512296.300164,0.0,1.0,10.0,0.0,2035.0,2035.0,,flexible,assumed_from_status_generic,2035.0,True,Generic,Generic Wind No. 61,generic_wind_no_61,Wind,Wind,PELE,WRK,Waikato,58.414072,0.0,3600,8.763878,33.886841,1,,
wind_waikato_generic_wind_no_71,wind,waikato,wind,2347056.897544,0.0,1.0,125.0,0.0,2035.0,2035.0,,flexible,assumed_from_status_generic,2035.0,True,Generic,Generic Wind No. 71,generic_wind_no_71,Wind,Wind,PELE,TKU,Waikato,52.70106,0.0,3600,81.501706,374.883818,1,,
wind_waikato_hapuakohe_wind_farm,wind,waikato,wind,2211074.404688,0.0,1.0,230.0,0.0,2028.0,2028.0,,flexible,edgs_earliest_commissioning_year,,True,Early stages,Hapuakohe Wind Farm,hapuakohe_wind_farm,Wind,Wind,PELE,OHW,Waikato,49.944679,0.0,3600,82.550073,591.097186,1,,
wind_waikato_kaimai_wind_farm,wind,waikato,wind,2261132.872762,0.0,1.0,100.0,0.0,2025.0,,2025.0,fixed,edgs_fixed_commissioning_year,,True,Early stages,Kaimai wind farm,kaimai_wind_farm,Wind,Wind,PELE,HAM,Waikato,48.53115,0.0,3600,18.411211,244.524498,1,,
wind_waikato_taumatatotara_stage_1,wind,waikato,wind,2503123.653598,0.0,1.0,40.0,0.0,2025.0,2025.0,,flexible,edgs_earliest_commissioning_year,,True,Fully consented,Taumatatotara (Stage 1),taumatatotara_stage_1,Wind,Wind,PELE,HTI,Waikato,49.473503,0.0,3600,20.908445,121.033391,1,,
wind_waikato_te_uku,wind,waikato,wind,0.0,0.0,1.0,64.4,0.0,,,,existing,edgs_status_current,,True,Current,Te Uku,te_uku,Wind,Wind,PELE,HAM,Waikato,49.473503,0.0,3600,,,1,,
solar_wellington_generic_solar_<100_mw_67,solar,wellington,solar,1685506.125217,0.0,1.0,80.0,0.0,2050.0,2050.0,,flexible,edgs_earliest_commissioning_year,,True,Generic,Generic solar (<100 MW): 67,generic_solar_<100_mw_67,Solar,Solar,PELE,UHT,Wellington,23.558811,0.0,3600,25.13,159.97049,1,,
solar_wellington_greytown_solar_farm,solar,wellington,solar,1143174.364392,0.0,1.0,100.0,0.0,2040.0,2040.0,,flexible,assumed_from_status_early_stages,2040.0,True,Early stages,Greytown solar farm,greytown_solar_farm,Solar,Solar,PELE,GYT,Wellington,23.558811,0.0,3600,26.578426,140.895862,1,,
solar_wellington_greytown_solar_farm_fnsf,solar,wellington,solar,1034734.550435,0.0,1.0,175.0,0.0,2030.0,2030.0,,flexible,assumed_from_status_applied_for_consent,2030.0,True,Applied for consent,Greytown Solar Farm (FNSF),greytown_solar_farm_fnsf,Solar,Solar,PELE,GYT,Wellington,23.558811,0.0,3600,28.84,209.918546,1,,
solar_wellington_masterton_solar_farm_nz_clearn_energy,solar,wellington,solar,1095373.550435,0.0,1.0,100.0,0.0,2040.0,2040.0,,flexible,assumed_from_status_early_stages,2040.0,True,Early stages,Masterton Solar Farm (NZ Clearn Energy),masterton_solar_farm_nz_clearn_energy,Solar,Solar,PELE,MST,Wellington,23.558811,0.0,3600,30.82,140.357355,1,,
solar_wellington_moroa_road_solar_farm,solar,wellington,solar,1059545.063817,0.0,1.0,175.0,0.0,2030.0,2030.0,,flexible,assumed_from_status_applied_for_consent,2030.0,True,Applied for consent,Moroa Road solar farm,moroa_road_solar_farm,Solar,Solar,PELE,GYT,Wellington,23.558811,0.0,3600,28.837592,214.257978,1,,
solar_wellington_wairarapa_solar_farm,solar,wellington,solar,1105757.162222,0.0,1.0,133.0,0.0,2035.0,2035.0,,flexible,assumed_from_status_announced,2035.0,True,Announced,Wairarapa solar farm,wairarapa_solar_farm,Solar,Solar,PELE,MST,Wellington,23.558811,0.0,3600,31.219428,178.285131,1,,
wind_wellington_castle_hill_wind_farm,wind,wellington,wind,1979751.978563,0.0,1.0,300.0,0.0,2030.0,2030.0,,flexible,assumed_from_status_fully_consented,2030.0,True,Fully consented,Castle Hill wind farm,castle_hill_wind_farm,Wind,Wind,PELE,MST,Wellington,48.083533,0.0,3600,66.691404,660.616998,1,,
wind_wellington_mill_creek,wind,wellington,wind,0.0,0.0,1.0,60.0,0.0,,,,existing,edgs_status_current,,True,Current,Mill Creek,mill_creek,Wind,Wind,PELE,WIL,Wellington,49.473503,0.0,3600,,,1,,
wind_wellington_west_wind,wind,wellington,wind,0.0,0.0,1.0,142.6,0.0,,,,existing,edgs_status_current,,True,Current,West Wind,west_wind,Wind,Wind,PELE,WIL,Wellington,49.473503,0.0,3600,,,1,,
hydro_run_of_river_west_coast_matakitaki_river_generic_hydro_plant,hydro_run_of_river,west_coast,hydro_run_of_river,5906374.249,0.0,1.0,40.0,0.0,2035.0,2035.0,,flexible,assumed_from_status_generic,2035.0,True,Generic,Mātakitaki River generic hydro plant,matakitaki_river_generic_hydro_plant,HydRR,"Hydro, run of river",PELE,IGH,West Coast,76.034743,0.0,3600,9.527977,245.782947,1,,
hydro_run_of_river_west_coast_ngakawau_hydro_scheme,hydro_run_of_river,west_coast,hydro_run_of_river,4992924.491772,0.0,1.0,24.0,0.0,2030.0,2030.0,,flexible,assumed_from_status_fully_consented,2030.0,True,Fully consented,Ngākawau hydro scheme,ngakawau_hydro_scheme,HydRR,"Hydro, run of river",PELE,WMG,West Coast,153.132623,0.0,3600,7.939981,127.770168,1,,
hydro_run_of_river_west_coast_taramakau,hydro_run_of_river,west_coast,hydro_run_of_river,5906374.249,0.0,1.0,50.0,0.0,2035.0,2035.0,,flexible,assumed_from_status_generic,2035.0,True,Generic,Taramakau,taramakau,HydRR,"Hydro, run of river",PELE,IGH,West Coast,75.492952,0.0,3600,9.527977,304.846689,1,,
hydro_run_of_river_west_coast_whitcombe_river,hydro_run_of_river,west_coast,hydro_run_of_river,5906374.249,0.0,1.0,30.0,0.0,2035.0,2035.0,,flexible,assumed_from_status_generic,2035.0,True,Generic,Whitcombe River,whitcombe_river,HydRR,"Hydro, run of river",PELE,IGH,West Coast,76.566311,0.0,3600,9.527977,186.719204,1,,
wind_west_coast_generic_wind_no_62,wind,west_coast,wind,2173931.253667,0.0,1.0,75.0,0.0,2035.0,2035.0,,flexible,assumed_from_status_generic,2035.0,True,Generic,Generic Wind No. 62,generic_wind_no_62,Wind,Wind,PELE,WPT,West Coast,47.54168,0.0,3600,27.610926,190.65577,1,,
