generator,zone,technology,capital_cost,marginal_cost,efficiency,installed_capacity,p_min_mw,available_from_year,earliest_commissioning_year,fixed_commissioning_year,commissioning_type,source_tech_count,scenario
gas_flexible,auckland,gas_flexible,1213001.596675,44.570325,0.306383,300.000000,0.000000,2025,2025,,flexible,1,Constraint
solar_flexible,auckland,solar_flexible,1352267.305790,0.000000,1.000000,294.000000,0.000000,2025,2025,,flexible,1,Constraint
thermal_other_flexible,auckland,thermal_other_flexible,,11.308229,1.000000,0.000000,0.000000,,,,flexible,1,Constraint
wind_flexible,auckland,wind_flexible,2899732.496717,0.000000,1.000000,335.000000,0.000000,2027,2027,,flexible,1,Constraint
geo_flexible,bay_of_plenty,geo_flexible,7205363.406470,0.000000,0.300000,283.500000,0.000000,2030,2030,,flexible,1,Constraint
hydro_flexible,bay_of_plenty,hydro_flexible,,0.000000,1.000000,172.900000,0.000000,,,,flexible,1,Constraint
solar_fixed,bay_of_plenty,solar_fixed,1080601.847826,0.000000,1.000000,432.000000,0.000000,2024,,2024,fixed,1,Constraint
solar_flexible,bay_of_plenty,solar_flexible,1187565.809583,0.000000,1.000000,444.000000,0.000000,2025,2025,,flexible,1,Constraint
hydro_flexible,canterbury,hydro_flexible,5794254.416398,0.000000,1.000000,1982.300000,0.000000,,,,flexible,3,Constraint
solar_fixed,canterbury,solar_fixed,1530920.869565,0.000000,1.000000,63.000000,0.000000,2024,,2024,fixed,1,Constraint
solar_flexible,canterbury,solar_flexible,1093541.555485,0.000000,1.000000,1826.000000,0.000000,2020,2020,,flexible,1,Constraint
thermal_other_flexible,canterbury,thermal_other_flexible,2679644.215876,16.012294,0.315789,10.000000,0.000000,2035,2035,,flexible,1,Constraint
wind_flexible,canterbury,wind_flexible,2320897.177078,0.000000,1.000000,270.600000,0.000000,2025,2025,,flexible,1,Constraint
diesel_flexible,hawkes_bay,diesel_flexible,,48.130651,0.327273,155.000000,0.000000,,,,flexible,1,Constraint
hydro_flexible,hawkes_bay,hydro_flexible,,0.000000,1.000000,138.000000,0.000000,,,,flexible,1,Constraint
solar_fixed,hawkes_bay,solar_fixed,1409841.185396,0.000000,1.000000,70.000000,0.000000,2024,,2024,fixed,1,Constraint
solar_flexible,hawkes_bay,solar_flexible,1210064.712914,0.000000,1.000000,383.000000,0.000000,2025,2025,,flexible,1,Constraint
wind_fixed,hawkes_bay,wind_fixed,2479818.246401,0.000000,1.000000,176.000000,0.000000,2024,,2024,fixed,1,Constraint
wind_flexible,hawkes_bay,wind_flexible,2400370.869345,0.000000,1.000000,200.000000,0.000000,,,,flexible,1,Constraint
hydro_flexible,manawatu_whanganui,hydro_flexible,,0.000000,1.000000,39.000000,0.000000,,,,flexible,1,Constraint
solar_flexible,manawatu_whanganui,solar_flexible,1225277.131547,0.000000,1.000000,494.000000,0.000000,2024,2024,,flexible,1,Constraint
wind_flexible,manawatu_whanganui,wind_flexible,2478644.989932,0.000000,1.000000,2319.150000,0.000000,2024,2024,,flexible,1,Constraint
hydro_flexible,marlborough,hydro_flexible,5594113.359148,0.000000,1.000000,72.000000,0.000000,,,,flexible,1,Constraint
solar_flexible,marlborough,solar_flexible,2154971.442475,0.000000,1.000000,65.000000,0.000000,2026,2026,,flexible,1,Constraint
wind_flexible,marlborough,wind_flexible,2271899.932529,0.000000,1.000000,125.000000,0.000000,,,,flexible,1,Constraint
hydro_flexible,nelson,hydro_flexible,,0.000000,1.000000,32.000000,0.000000,,,,flexible,1,Constraint
solar_flexible,nelson,solar_flexible,1067366.543478,0.000000,1.000000,130.000000,0.000000,,,,flexible,1,Constraint
diesel_flexible,northland,diesel_flexible,,50.898764,0.330094,9.000000,0.000000,,,,flexible,1,Constraint
gas_flexible,northland,gas_flexible,1213001.596675,44.570325,0.306383,100.000000,0.000000,2030,2030,,flexible,1,Constraint
geo_flexible,northland,geo_flexible,9470483.948256,0.000000,0.300000,142.000000,0.000000,2026,2026,,flexible,1,Constraint
solar_fixed,northland,solar_fixed,1249208.260870,0.000000,1.000000,24.000000,0.000000,2024,,2024,fixed,1,Constraint
solar_flexible,northland,solar_flexible,1147232.251113,0.000000,1.000000,525.700000,0.000000,2024,2024,,flexible,1,Constraint
wind_flexible,northland,wind_flexible,2287716.127731,0.000000,1.000000,548.000000,0.000000,2024,2024,,flexible,1,Constraint
hydro_flexible,otago,hydro_flexible,6153888.206590,0.000000,1.000000,1581.000000,0.000000,,,,flexible,3,Constraint
solar_flexible,otago,solar_flexible,1200862.255457,0.000000,1.000000,879.000000,0.000000,2025,2025,,flexible,1,Constraint
thermal_other_flexible,otago,thermal_other_flexible,2679644.215876,16.012294,0.315789,10.000000,0.000000,2030,2030,,flexible,1,Constraint
wind_flexible,otago,wind_flexible,2606071.862306,0.000000,1.000000,774.000000,0.000000,2028,2028,,flexible,1,Constraint
hydro_flexible,southland,hydro_flexible,,0.000000,1.000000,800.000000,0.000000,,,,flexible,1,Constraint
solar_flexible,southland,solar_flexible,1311732.516722,0.000000,1.000000,260.000000,0.000000,2025,2025,,flexible,1,Constraint
wind_flexible,southland,wind_flexible,2516869.379346,0.000000,1.000000,891.000000,0.000000,2026,2026,,flexible,1,Constraint
gas_flexible,taranaki,gas_flexible,1213001.596675,18.136248,0.401562,994.600000,0.000000,2025,2025,,flexible,4,Constraint
hydro_flexible,taranaki,hydro_flexible,,0.000000,1.000000,33.000000,0.000000,,,,flexible,1,Constraint
solar_flexible,taranaki,solar_flexible,1182868.425986,0.000000,1.000000,581.000000,0.000000,2040,2040,,flexible,1,Constraint
wind_flexible,taranaki,wind_flexible,2342362.156614,0.000000,1.000000,733.000000,0.000000,,,,flexible,1,Constraint
coal_flexible,waikato,coal_flexible,,23.293774,0.330275,400.000000,0.000000,,,,flexible,1,Constraint
gas_flexible,waikato,gas_flexible,1411927.173267,27.566561,0.369422,1213.800000,0.000000,2025,2025,,flexible,3,Constraint
geo_fixed,waikato,geo_fixed,5460725.829002,0.000000,0.300000,203.400000,0.000000,2024,,2024,fixed,1,Constraint
geo_flexible,waikato,geo_flexible,5840454.597624,0.000000,0.300000,1215.400000,0.000000,2026,2026,,flexible,1,Constraint
hydro_flexible,waikato,hydro_flexible,,0.000000,1.000000,1455.500000,0.000000,,,,flexible,1,Constraint
solar_flexible,waikato,solar_flexible,1217704.280240,0.000000,1.000000,1357.000000,0.000000,2025,2025,,flexible,1,Constraint
thermal_other_flexible,waikato,thermal_other_flexible,,27.139750,0.300000,39.600000,0.000000,,,,flexible,1,Constraint
wind_fixed,waikato,wind_fixed,2407900.118053,0.000000,1.000000,100.000000,0.000000,2025,,2025,fixed,1,Constraint
wind_flexible,waikato,wind_flexible,2343734.134948,0.000000,1.000000,1119.400000,0.000000,2025,2025,,flexible,1,Constraint
solar_flexible,wellington,solar_flexible,1217401.301575,0.000000,1.000000,763.000000,0.000000,2050,2050,,flexible,1,Constraint
wind_flexible,wellington,wind_flexible,1979751.978563,0.000000,1.000000,502.600000,0.000000,,,,flexible,1,Constraint
hydro_flexible,west_coast,hydro_flexible,5838551.002870,0.000000,1.000000,190.000000,0.000000,,,,flexible,2,Constraint
wind_flexible,west_coast,wind_flexible,2315038.353296,0.000000,1.000000,75.000000,0.000000,,,,flexible,1,Constraint
gas_flexible,auckland,gas_flexible,1213001.596675,44.570325,0.306383,300.000000,0.000000,2025,2025,,flexible,1,Environmental
solar_flexible,auckland,solar_flexible,1255336.365541,0.000000,1.000000,1774.000000,0.000000,2025,2025,,flexible,1,Environmental
thermal_other_flexible,auckland,thermal_other_flexible,,11.308229,1.000000,0.000000,0.000000,,,,flexible,1,Environmental
wind_flexible,auckland,wind_flexible,2543480.506397,0.000000,1.000000,460.000000,0.000000,2027,2027,,flexible,1,Environmental
geo_flexible,bay_of_plenty,geo_flexible,6612895.735208,0.000000,0.300000,333.500000,0.000000,2030,2030,,flexible,1,Environmental
hydro_flexible,bay_of_plenty,hydro_flexible,,0.000000,1.000000,172.900000,0.000000,,,,flexible,1,Environmental
solar_fixed,bay_of_plenty,solar_fixed,1080601.847826,0.000000,1.000000,432.000000,0.000000,2024,,2024,fixed,1,Environmental
solar_flexible,bay_of_plenty,solar_flexible,1164839.497625,0.000000,1.000000,764.000000,0.000000,2020,2020,,flexible,1,Environmental
hydro_flexible,canterbury,hydro_flexible,6275195.619014,0.000000,1.000000,2552.300000,0.000000,,,,flexible,3,Environmental
solar_fixed,canterbury,solar_fixed,1530920.869565,0.000000,1.000000,63.000000,0.000000,2024,,2024,fixed,1,Environmental
solar_flexible,canterbury,solar_flexible,1087621.333892,0.000000,1.000000,4006.000000,0.000000,2020,2020,,flexible,1,Environmental
thermal_other_flexible,canterbury,thermal_other_flexible,2485689.015489,16.012294,0.315789,10.000000,0.000000,2035,2035,,flexible,1,Environmental
wind_flexible,canterbury,wind_flexible,2159975.382605,0.000000,1.000000,470.600000,0.000000,2025,2025,,flexible,1,Environmental
diesel_flexible,hawkes_bay,diesel_flexible,,48.130651,0.327273,155.000000,0.000000,,,,flexible,1,Environmental
hydro_flexible,hawkes_bay,hydro_flexible,,0.000000,1.000000,138.000000,0.000000,,,,flexible,1,Environmental
solar_fixed,hawkes_bay,solar_fixed,1409841.185396,0.000000,1.000000,70.000000,0.000000,2024,,2024,fixed,1,Environmental
solar_flexible,hawkes_bay,solar_flexible,1134854.596457,0.000000,1.000000,583.000000,0.000000,2025,2025,,flexible,1,Environmental
wind_fixed,hawkes_bay,wind_fixed,2479818.246401,0.000000,1.000000,176.000000,0.000000,2024,,2024,fixed,1,Environmental
wind_flexible,hawkes_bay,wind_flexible,2243555.852291,0.000000,1.000000,475.000000,0.000000,,,,flexible,1,Environmental
hydro_flexible,manawatu_whanganui,hydro_flexible,,0.000000,1.000000,39.000000,0.000000,,,,flexible,1,Environmental
solar_flexible,manawatu_whanganui,solar_flexible,1174159.557565,0.000000,1.000000,974.000000,0.000000,2024,2024,,flexible,1,Environmental
wind_flexible,manawatu_whanganui,wind_flexible,2337570.860967,0.000000,1.000000,2419.150000,0.000000,2024,2024,,flexible,1,Environmental
hydro_flexible,marlborough,hydro_flexible,5279244.692933,0.000000,1.000000,72.000000,0.000000,,,,flexible,1,Environmental
solar_flexible,marlborough,solar_flexible,1477902.838083,0.000000,1.000000,205.000000,0.000000,2020,2020,,flexible,1,Environmental
wind_flexible,marlborough,wind_flexible,2103130.223255,0.000000,1.000000,125.000000,0.000000,,,,flexible,1,Environmental
hydro_flexible,nelson,hydro_flexible,,0.000000,1.000000,32.000000,0.000000,,,,flexible,1,Environmental
solar_flexible,nelson,solar_flexible,988076.457391,0.000000,1.000000,130.000000,0.000000,,,,flexible,1,Environmental
diesel_flexible,northland,diesel_flexible,,50.898764,0.330094,9.000000,0.000000,,,,flexible,1,Environmental
gas_flexible,northland,gas_flexible,1213001.596675,44.570325,0.306383,100.000000,0.000000,2030,2030,,flexible,1,Environmental
geo_flexible,northland,geo_flexible,9104553.414634,0.000000,0.300000,142.000000,0.000000,2026,2026,,flexible,1,Environmental
solar_fixed,northland,solar_fixed,1249208.260870,0.000000,1.000000,24.000000,0.000000,2024,,2024,fixed,1,Environmental
solar_flexible,northland,solar_flexible,1117299.167043,0.000000,1.000000,585.700000,0.000000,2024,2024,,flexible,1,Environmental
wind_flexible,northland,wind_flexible,2153767.133259,0.000000,1.000000,1323.000000,0.000000,2024,2024,,flexible,1,Environmental
hydro_flexible,otago,hydro_flexible,5811325.716683,0.000000,1.000000,1581.000000,0.000000,,,,flexible,3,Environmental
solar_flexible,otago,solar_flexible,1145798.494019,0.000000,1.000000,1919.000000,0.000000,2020,2020,,flexible,1,Environmental
thermal_other_flexible,otago,thermal_other_flexible,2485689.015489,16.012294,0.315789,10.000000,0.000000,2030,2030,,flexible,1,Environmental
wind_flexible,otago,wind_flexible,2423315.198309,0.000000,1.000000,924.000000,0.000000,2028,2028,,flexible,1,Environmental
hydro_flexible,southland,hydro_flexible,,0.000000,1.000000,800.000000,0.000000,,,,flexible,1,Environmental
solar_flexible,southland,solar_flexible,1218174.991513,0.000000,1.000000,500.000000,0.000000,2025,2025,,flexible,1,Environmental
wind_flexible,southland,wind_flexible,2337743.251636,0.000000,1.000000,991.000000,0.000000,2026,2026,,flexible,1,Environmental
gas_flexible,taranaki,gas_flexible,1213001.596675,18.136248,0.401562,994.600000,0.000000,2025,2025,,flexible,4,Environmental
hydro_flexible,taranaki,hydro_flexible,,0.000000,1.000000,33.000000,0.000000,,,,flexible,1,Environmental
solar_flexible,taranaki,solar_flexible,1134567.835069,0.000000,1.000000,841.000000,0.000000,2025,2025,,flexible,1,Environmental
wind_flexible,taranaki,wind_flexible,2168358.110694,0.000000,1.000000,733.000000,0.000000,,,,flexible,1,Environmental
coal_flexible,waikato,coal_flexible,,23.293774,0.330275,400.000000,0.000000,,,,flexible,1,Environmental
gas_flexible,waikato,gas_flexible,1411927.173267,27.566561,0.369422,1213.800000,0.000000,2025,2025,,flexible,3,Environmental
geo_fixed,waikato,geo_fixed,5460725.829002,0.000000,0.300000,203.400000,0.000000,2024,,2024,fixed,1,Environmental
geo_flexible,waikato,geo_flexible,6042694.636404,0.000000,0.300000,1421.400000,0.000000,2026,2026,,flexible,1,Environmental
hydro_flexible,waikato,hydro_flexible,,0.000000,1.000000,1455.500000,0.000000,,,,flexible,1,Environmental
solar_flexible,waikato,solar_flexible,1176342.254018,0.000000,1.000000,2357.000000,0.000000,2020,2020,,flexible,1,Environmental
thermal_other_flexible,waikato,thermal_other_flexible,,27.139750,0.300000,39.600000,0.000000,,,,flexible,1,Environmental
wind_fixed,waikato,wind_fixed,2229027.537854,0.000000,1.000000,100.000000,0.000000,2025,,2025,fixed,1,Environmental
wind_flexible,waikato,wind_flexible,2194022.881444,0.000000,1.000000,1769.400000,0.000000,2025,2025,,flexible,1,Environmental
wood_fixed,waikato,wood_fixed,,23.293774,0.330275,480.000000,0.000000,2032,,2032,fixed,1,Environmental
solar_flexible,wellington,solar_flexible,1141887.233188,0.000000,1.000000,1163.000000,0.000000,2025,2025,,flexible,1,Environmental
wind_flexible,wellington,wind_flexible,2164941.975635,0.000000,1.000000,867.600000,0.000000,,,,flexible,1,Environmental
hydro_flexible,west_coast,hydro_flexible,5617080.119964,0.000000,1.000000,190.000000,0.000000,,,,flexible,2,Environmental
solar_flexible,west_coast,solar_flexible,1363712.196522,0.000000,1.000000,40.000000,0.000000,2030,2030,,flexible,1,Environmental
wind_flexible,west_coast,wind_flexible,2143064.075623,0.000000,1.000000,75.000000,0.000000,,,,flexible,1,Environmental
gas_flexible,auckland,gas_flexible,1213001.596675,44.570325,0.306383,300.000000,0.000000,2025,2025,,flexible,1,Growth
solar_flexible,auckland,solar_flexible,1276287.926877,0.000000,1.000000,294.000000,0.000000,2025,2025,,flexible,1,Growth
thermal_other_flexible,auckland,thermal_other_flexible,,11.308229,1.000000,0.000000,0.000000,,,,flexible,1,Growth
wind_flexible,auckland,wind_flexible,2722986.896917,0.000000,1.000000,335.000000,0.000000,2027,2027,,flexible,1,Growth
geo_flexible,bay_of_plenty,geo_flexible,6941435.879078,0.000000,0.300000,283.500000,0.000000,2030,2030,,flexible,1,Growth
hydro_flexible,bay_of_plenty,hydro_flexible,,0.000000,1.000000,172.900000,0.000000,,,,flexible,1,Growth
solar_fixed,bay_of_plenty,solar_fixed,1080601.847826,0.000000,1.000000,432.000000,0.000000,2024,,2024,fixed,1,Growth
solar_flexible,bay_of_plenty,solar_flexible,1156256.543308,0.000000,1.000000,444.000000,0.000000,2025,2025,,flexible,1,Growth
hydro_flexible,canterbury,hydro_flexible,5535734.976596,0.000000,1.000000,1982.300000,0.000000,,,,flexible,3,Growth
solar_fixed,canterbury,solar_fixed,1530920.869565,0.000000,1.000000,63.000000,0.000000,2024,,2024,fixed,1,Growth
solar_flexible,canterbury,solar_flexible,1033238.648396,0.000000,1.000000,1826.000000,0.000000,2020,2020,,flexible,1,Growth
thermal_other_flexible,canterbury,thermal_other_flexible,2518865.562924,16.012294,0.315789,10.000000,0.000000,2035,2035,,flexible,1,Growth
wind_flexible,canterbury,wind_flexible,2226693.972238,0.000000,1.000000,270.600000,0.000000,2025,2025,,flexible,1,Growth
diesel_flexible,hawkes_bay,diesel_flexible,,48.130651,0.327273,155.000000,0.000000,,,,flexible,1,Growth
hydro_flexible,hawkes_bay,hydro_flexible,,0.000000,1.000000,138.000000,0.000000,,,,flexible,1,Growth
solar_fixed,hawkes_bay,solar_fixed,1409841.185396,0.000000,1.000000,70.000000,0.000000,2024,,2024,fixed,1,Growth
solar_flexible,hawkes_bay,solar_flexible,1136308.387556,0.000000,1.000000,383.000000,0.000000,2025,2025,,flexible,1,Growth
wind_fixed,hawkes_bay,wind_fixed,2479818.246401,0.000000,1.000000,176.000000,0.000000,2024,,2024,fixed,1,Growth
wind_flexible,hawkes_bay,wind_flexible,2254062.549690,0.000000,1.000000,200.000000,0.000000,,,,flexible,1,Growth
hydro_flexible,manawatu_whanganui,hydro_flexible,,0.000000,1.000000,39.000000,0.000000,,,,flexible,1,Growth
solar_flexible,manawatu_whanganui,solar_flexible,1170524.169545,0.000000,1.000000,494.000000,0.000000,2024,2024,,flexible,1,Growth
wind_flexible,manawatu_whanganui,wind_flexible,2364214.612436,0.000000,1.000000,2319.150000,0.000000,2024,2024,,flexible,1,Growth
hydro_flexible,marlborough,hydro_flexible,5303485.850823,0.000000,1.000000,72.000000,0.000000,,,,flexible,1,Growth
solar_flexible,marlborough,solar_flexible,2078759.081057,0.000000,1.000000,65.000000,0.000000,2026,2026,,flexible,1,Growth
wind_flexible,marlborough,wind_flexible,2133422.222356,0.000000,1.000000,125.000000,0.000000,,,,flexible,1,Growth
hydro_flexible,nelson,hydro_flexible,,0.000000,1.000000,32.000000,0.000000,,,,flexible,1,Growth
solar_flexible,nelson,solar_flexible,1002308.011304,0.000000,1.000000,130.000000,0.000000,,,,flexible,1,Growth
diesel_flexible,northland,diesel_flexible,,50.898764,0.330094,9.000000,0.000000,,,,flexible,1,Growth
gas_flexible,northland,gas_flexible,1213001.596675,44.570325,0.306383,100.000000,0.000000,2030,2030,,flexible,1,Growth
geo_flexible,northland,geo_flexible,9147422.765051,0.000000,0.300000,142.000000,0.000000,2026,2026,,flexible,1,Growth
solar_fixed,northland,solar_fixed,1249208.260870,0.000000,1.000000,24.000000,0.000000,2024,,2024,fixed,1,Growth
solar_flexible,northland,solar_flexible,1104006.540016,0.000000,1.000000,525.700000,0.000000,2024,2024,,flexible,1,Growth
wind_flexible,northland,wind_flexible,2165766.849488,0.000000,1.000000,548.000000,0.000000,2024,2024,,flexible,1,Growth
hydro_flexible,otago,hydro_flexible,5837698.970982,0.000000,1.000000,1581.000000,0.000000,,,,flexible,3,Growth
solar_flexible,otago,solar_flexible,1133380.347038,0.000000,1.000000,879.000000,0.000000,2025,2025,,flexible,1,Growth
thermal_other_flexible,otago,thermal_other_flexible,2518865.562924,16.012294,0.315789,10.000000,0.000000,2030,2030,,flexible,1,Growth
wind_flexible,otago,wind_flexible,2471878.285619,0.000000,1.000000,774.000000,0.000000,2028,2028,,flexible,1,Growth
hydro_flexible,southland,hydro_flexible,,0.000000,1.000000,800.000000,0.000000,,,,flexible,1,Growth
solar_flexible,southland,solar_flexible,1231779.296656,0.000000,1.000000,260.000000,0.000000,2025,2025,,flexible,1,Growth
wind_flexible,southland,wind_flexible,2386080.236569,0.000000,1.000000,891.000000,0.000000,2026,2026,,flexible,1,Growth
gas_flexible,taranaki,gas_flexible,1213001.596675,18.136248,0.401562,994.600000,0.000000,2025,2025,,flexible,4,Growth
hydro_flexible,taranaki,hydro_flexible,,0.000000,1.000000,33.000000,0.000000,,,,flexible,1,Growth
solar_flexible,taranaki,solar_flexible,1110769.779069,0.000000,1.000000,581.000000,0.000000,2040,2040,,flexible,1,Growth
wind_flexible,taranaki,wind_flexible,2199589.606115,0.000000,1.000000,733.000000,0.000000,,,,flexible,1,Growth
coal_flexible,waikato,coal_flexible,,23.293774,0.330275,400.000000,0.000000,,,,flexible,1,Growth
gas_flexible,waikato,gas_flexible,1411927.173267,27.566561,0.369422,1213.800000,0.000000,2025,2025,,flexible,3,Growth
geo_fixed,waikato,geo_fixed,5460725.829002,0.000000,0.300000,203.400000,0.000000,2024,,2024,fixed,1,Growth
geo_flexible,waikato,geo_flexible,5724472.792182,0.000000,0.300000,1215.400000,0.000000,2026,2026,,flexible,1,Growth
hydro_flexible,waikato,hydro_flexible,,0.000000,1.000000,1455.500000,0.000000,,,,flexible,1,Growth
solar_flexible,waikato,solar_flexible,1173678.921180,0.000000,1.000000,1357.000000,0.000000,2025,2025,,flexible,1,Growth
thermal_other_flexible,waikato,thermal_other_flexible,,27.139750,0.300000,39.600000,0.000000,,,,flexible,1,Growth
wind_fixed,waikato,wind_fixed,2261132.872762,0.000000,1.000000,100.000000,0.000000,2025,,2025,fixed,1,Growth
wind_flexible,waikato,wind_flexible,2206662.654705,0.000000,1.000000,1119.400000,0.000000,2025,2025,,flexible,1,Growth
solar_flexible,wellington,solar_flexible,1143197.793669,0.000000,1.000000,763.000000,0.000000,2050,2050,,flexible,1,Growth
wind_flexible,wellington,wind_flexible,1979751.978563,0.000000,1.000000,502.600000,0.000000,,,,flexible,1,Growth
hydro_flexible,west_coast,hydro_flexible,5634130.754773,0.000000,1.000000,190.000000,0.000000,,,,flexible,2,Growth
wind_flexible,west_coast,wind_flexible,2173931.253667,0.000000,1.000000,75.000000,0.000000,,,,flexible,1,Growth
gas_flexible,auckland,gas_flexible,1213001.596675,44.570325,0.306383,300.000000,0.000000,2025,2025,,flexible,1,Innovation
solar_flexible,auckland,solar_flexible,1099972.888856,0.000000,1.000000,1774.000000,0.000000,2025,2025,,flexible,1,Innovation
thermal_other_flexible,auckland,thermal_other_flexible,,11.308229,1.000000,0.000000,0.000000,,,,flexible,1,Innovation
wind_flexible,auckland,wind_flexible,2224237.068351,0.000000,1.000000,460.000000,0.000000,2027,2027,,flexible,1,Innovation
geo_flexible,bay_of_plenty,geo_flexible,5947224.944036,0.000000,0.300000,333.500000,0.000000,2030,2030,,flexible,1,Innovation
hydro_flexible,bay_of_plenty,hydro_flexible,,0.000000,1.000000,172.900000,0.000000,,,,flexible,1,Innovation
solar_fixed,bay_of_plenty,solar_fixed,1080601.847826,0.000000,1.000000,432.000000,0.000000,2024,,2024,fixed,1,Innovation
solar_flexible,bay_of_plenty,solar_flexible,1067791.466393,0.000000,1.000000,764.000000,0.000000,2020,2020,,flexible,1,Innovation
hydro_flexible,canterbury,hydro_flexible,5409988.983986,0.000000,1.000000,2552.300000,0.000000,,,,flexible,3,Innovation
solar_fixed,canterbury,solar_fixed,1530920.869565,0.000000,1.000000,63.000000,0.000000,2024,,2024,fixed,1,Innovation
solar_flexible,canterbury,solar_flexible,957070.457845,0.000000,1.000000,4006.000000,0.000000,2020,2020,,flexible,1,Innovation
thermal_other_flexible,canterbury,thermal_other_flexible,2169235.793804,16.012294,0.315789,10.000000,0.000000,2035,2035,,flexible,1,Innovation
wind_flexible,canterbury,wind_flexible,1944827.876527,0.000000,1.000000,470.600000,0.000000,2025,2025,,flexible,1,Innovation
diesel_flexible,hawkes_bay,diesel_flexible,,48.130651,0.327273,155.000000,0.000000,,,,flexible,1,Innovation
hydro_flexible,hawkes_bay,hydro_flexible,,0.000000,1.000000,138.000000,0.000000,,,,flexible,1,Innovation
solar_fixed,hawkes_bay,solar_fixed,1409841.185396,0.000000,1.000000,70.000000,0.000000,2024,,2024,fixed,1,Innovation
solar_flexible,hawkes_bay,solar_flexible,992413.998960,0.000000,1.000000,583.000000,0.000000,2025,2025,,flexible,1,Innovation
wind_fixed,hawkes_bay,wind_fixed,2479818.246401,0.000000,1.000000,176.000000,0.000000,2024,,2024,fixed,1,Innovation
wind_flexible,hawkes_bay,wind_flexible,1961957.278238,0.000000,1.000000,475.000000,0.000000,,,,flexible,1,Innovation
hydro_flexible,manawatu_whanganui,hydro_flexible,,0.000000,1.000000,39.000000,0.000000,,,,flexible,1,Innovation
solar_flexible,manawatu_whanganui,solar_flexible,1047601.328969,0.000000,1.000000,974.000000,0.000000,2024,2024,,flexible,1,Innovation
wind_flexible,manawatu_whanganui,wind_flexible,2115669.328416,0.000000,1.000000,2419.150000,0.000000,2024,2024,,flexible,1,Innovation
hydro_flexible,marlborough,hydro_flexible,4528567.957406,0.000000,1.000000,72.000000,0.000000,,,,flexible,1,Innovation
solar_flexible,marlborough,solar_flexible,1328405.830435,0.000000,1.000000,205.000000,0.000000,2020,2020,,flexible,1,Innovation
wind_flexible,marlborough,wind_flexible,1839157.088238,0.000000,1.000000,125.000000,0.000000,,,,flexible,1,Innovation
hydro_flexible,nelson,hydro_flexible,,0.000000,1.000000,32.000000,0.000000,,,,flexible,1,Innovation
solar_flexible,nelson,solar_flexible,864058.630435,0.000000,1.000000,130.000000,0.000000,,,,flexible,1,Innovation
diesel_flexible,northland,diesel_flexible,,50.898764,0.330094,9.000000,0.000000,,,,flexible,1,Innovation
gas_flexible,northland,gas_flexible,1213001.596675,44.570325,0.306383,100.000000,0.000000,2030,2030,,flexible,1,Innovation
geo_flexible,northland,geo_flexible,8349716.617102,0.000000,0.300000,142.000000,0.000000,2026,2026,,flexible,1,Innovation
solar_fixed,northland,solar_fixed,1249208.260870,0.000000,1.000000,24.000000,0.000000,2024,,2024,fixed,1,Innovation
solar_flexible,northland,solar_flexible,1026086.869703,0.000000,1.000000,585.700000,0.000000,2024,2024,,flexible,1,Innovation
wind_flexible,northland,wind_flexible,1898358.537242,0.000000,1.000000,1323.000000,0.000000,2024,2024,,flexible,1,Innovation
hydro_flexible,otago,hydro_flexible,4994624.281352,0.000000,1.000000,1581.000000,0.000000,,,,flexible,3,Innovation
solar_flexible,otago,solar_flexible,1007373.419200,0.000000,1.000000,1919.000000,0.000000,2020,2020,,flexible,1,Innovation
thermal_other_flexible,otago,thermal_other_flexible,2169235.793804,16.012294,0.315789,10.000000,0.000000,2030,2030,,flexible,1,Innovation
wind_flexible,otago,wind_flexible,2161344.372984,0.000000,1.000000,924.000000,0.000000,2028,2028,,flexible,1,Innovation
hydro_flexible,southland,hydro_flexible,,0.000000,1.000000,800.000000,0.000000,,,,flexible,1,Innovation
solar_flexible,southland,solar_flexible,1065276.484348,0.000000,1.000000,500.000000,0.000000,2025,2025,,flexible,1,Innovation
wind_flexible,southland,wind_flexible,2085668.784630,0.000000,1.000000,991.000000,0.000000,2026,2026,,flexible,1,Innovation
gas_flexible,taranaki,gas_flexible,1213001.596675,18.136248,0.401562,994.600000,0.000000,2025,2025,,flexible,4,Innovation
hydro_flexible,taranaki,hydro_flexible,,0.000000,1.000000,33.000000,0.000000,,,,flexible,1,Innovation
solar_flexible,taranaki,solar_flexible,992163.230256,0.000000,1.000000,841.000000,0.000000,2025,2025,,flexible,1,Innovation
wind_flexible,taranaki,wind_flexible,1896197.936306,0.000000,1.000000,733.000000,0.000000,,,,flexible,1,Innovation
coal_flexible,waikato,coal_flexible,,23.293774,0.330275,400.000000,0.000000,,,,flexible,1,Innovation
gas_flexible,waikato,gas_flexible,1411927.173267,27.566561,0.369422,1213.800000,0.000000,2025,2025,,flexible,3,Innovation
geo_fixed,waikato,geo_fixed,5460725.829002,0.000000,0.300000,203.400000,0.000000,2024,,2024,fixed,1,Innovation
geo_flexible,waikato,geo_flexible,5557710.610973,0.000000,0.300000,1421.400000,0.000000,2026,2026,,flexible,1,Innovation
hydro_flexible,waikato,hydro_flexible,,0.000000,1.000000,1455.500000,0.000000,,,,flexible,1,Innovation
solar_flexible,waikato,solar_flexible,1064494.226643,0.000000,1.000000,2357.000000,0.000000,2020,2020,,flexible,1,Innovation
thermal_other_flexible,waikato,thermal_other_flexible,,27.139750,0.300000,39.600000,0.000000,,,,flexible,1,Innovation
wind_fixed,waikato,wind_fixed,1949252.476519,0.000000,1.000000,100.000000,0.000000,2025,,2025,fixed,1,Innovation
wind_flexible,waikato,wind_flexible,1926012.155222,0.000000,1.000000,1769.400000,0.000000,2025,2025,,flexible,1,Innovation
wood_fixed,waikato,wood_fixed,,23.293774,0.330275,480.000000,0.000000,2032,,2032,fixed,1,Innovation
solar_flexible,wellington,solar_flexible,998563.938487,0.000000,1.000000,1163.000000,0.000000,2025,2025,,flexible,1,Innovation
wind_flexible,wellington,wind_flexible,2005310.149050,0.000000,1.000000,867.600000,0.000000,,,,flexible,1,Innovation
hydro_flexible,west_coast,hydro_flexible,5089072.549719,0.000000,1.000000,190.000000,0.000000,,,,flexible,2,Innovation
solar_flexible,west_coast,solar_flexible,1192546.673913,0.000000,1.000000,40.000000,0.000000,2030,2030,,flexible,1,Innovation
wind_flexible,west_coast,wind_flexible,1874078.666954,0.000000,1.000000,75.000000,0.000000,,,,flexible,1,Innovation
gas_flexible,auckland,gas_flexible,1213001.596675,44.570325,0.306383,300.000000,0.000000,2025,2025,,flexible,1,Reference
solar_flexible,auckland,solar_flexible,1276287.926877,0.000000,1.000000,294.000000,0.000000,2025,2025,,flexible,1,Reference
thermal_other_flexible,auckland,thermal_other_flexible,,11.308229,1.000000,0.000000,0.000000,,,,flexible,1,Reference
wind_flexible,auckland,wind_flexible,2722986.896917,0.000000,1.000000,335.000000,0.000000,2027,2027,,flexible,1,Reference
geo_flexible,bay_of_plenty,geo_flexible,6941435.879078,0.000000,0.300000,283.500000,0.000000,2030,2030,,flexible,1,Reference
hydro_flexible,bay_of_plenty,hydro_flexible,,0.000000,1.000000,172.900000,0.000000,,,,flexible,1,Reference
solar_fixed,bay_of_plenty,solar_fixed,1080601.847826,0.000000,1.000000,432.000000,0.000000,2024,,2024,fixed,1,Reference
solar_flexible,bay_of_plenty,solar_flexible,1156256.543308,0.000000,1.000000,444.000000,0.000000,2025,2025,,flexible,1,Reference
hydro_flexible,canterbury,hydro_flexible,5535734.976596,0.000000,1.000000,1982.300000,0.000000,,,,flexible,3,Reference
solar_fixed,canterbury,solar_fixed,1530920.869565,0.000000,1.000000,63.000000,0.000000,2024,,2024,fixed,1,Reference
solar_flexible,canterbury,solar_flexible,1033238.648396,0.000000,1.000000,1826.000000,0.000000,2020,2020,,flexible,1,Reference
thermal_other_flexible,canterbury,thermal_other_flexible,2518865.562924,16.012294,0.315789,10.000000,0.000000,2035,2035,,flexible,1,Reference
wind_flexible,canterbury,wind_flexible,2226693.972238,0.000000,1.000000,270.600000,0.000000,2025,2025,,flexible,1,Reference
diesel_flexible,hawkes_bay,diesel_flexible,,48.130651,0.327273,155.000000,0.000000,,,,flexible,1,Reference
hydro_flexible,hawkes_bay,hydro_flexible,,0.000000,1.000000,138.000000,0.000000,,,,flexible,1,Reference
solar_fixed,hawkes_bay,solar_fixed,1409841.185396,0.000000,1.000000,70.000000,0.000000,2024,,2024,fixed,1,Reference
solar_flexible,hawkes_bay,solar_flexible,1136308.387556,0.000000,1.000000,383.000000,0.000000,2025,2025,,flexible,1,Reference
wind_fixed,hawkes_bay,wind_fixed,2479818.246401,0.000000,1.000000,176.000000,0.000000,2024,,2024,fixed,1,Reference
wind_flexible,hawkes_bay,wind_flexible,2254062.549690,0.000000,1.000000,200.000000,0.000000,,,,flexible,1,Reference
hydro_flexible,manawatu_whanganui,hydro_flexible,,0.000000,1.000000,39.000000,0.000000,,,,flexible,1,Reference
solar_flexible,manawatu_whanganui,solar_flexible,1170524.169545,0.000000,1.000000,494.000000,0.000000,2024,2024,,flexible,1,Reference
wind_flexible,manawatu_whanganui,wind_flexible,2364214.612436,0.000000,1.000000,2319.150000,0.000000,2024,2024,,flexible,1,Reference
hydro_flexible,marlborough,hydro_flexible,5303485.850823,0.000000,1.000000,72.000000,0.000000,,,,flexible,1,Reference
solar_flexible,marlborough,solar_flexible,2078759.081057,0.000000,1.000000,65.000000,0.000000,2026,2026,,flexible,1,Reference
wind_flexible,marlborough,wind_flexible,2133422.222356,0.000000,1.000000,125.000000,0.000000,,,,flexible,1,Reference
hydro_flexible,nelson,hydro_flexible,,0.000000,1.000000,32.000000,0.000000,,,,flexible,1,Reference
solar_flexible,nelson,solar_flexible,1002308.011304,0.000000,1.000000,130.000000,0.000000,,,,flexible,1,Reference
diesel_flexible,northland,diesel_flexible,,50.898764,0.330094,9.000000,0.000000,,,,flexible,1,Reference
gas_flexible,northland,gas_flexible,1213001.596675,44.570325,0.306383,100.000000,0.000000,2030,2030,,flexible,1,Reference
geo_flexible,northland,geo_flexible,9147422.765051,0.000000,0.300000,142.000000,0.000000,2026,2026,,flexible,1,Reference
solar_fixed,northland,solar_fixed,1249208.260870,0.000000,1.000000,24.000000,0.000000,2024,,2024,fixed,1,Reference
solar_flexible,northland,solar_flexible,1104006.540016,0.000000,1.000000,525.700000,0.000000,2024,2024,,flexible,1,Reference
wind_flexible,northland,wind_flexible,2165766.849488,0.000000,1.000000,548.000000,0.000000,2024,2024,,flexible,1,Reference
hydro_flexible,otago,hydro_flexible,5837698.970982,0.000000,1.000000,1581.000000,0.000000,,,,flexible,3,Reference
solar_flexible,otago,solar_flexible,1133380.347038,0.000000,1.000000,879.000000,0.000000,2025,2025,,flexible,1,Reference
thermal_other_flexible,otago,thermal_other_flexible,2518865.562924,16.012294,0.315789,10.000000,0.000000,2030,2030,,flexible,1,Reference
wind_flexible,otago,wind_flexible,2471878.285619,0.000000,1.000000,774.000000,0.000000,2028,2028,,flexible,1,Reference
hydro_flexible,southland,hydro_flexible,,0.000000,1.000000,800.000000,0.000000,,,,flexible,1,Reference
solar_flexible,southland,solar_flexible,1231779.296656,0.000000,1.000000,260.000000,0.000000,2025,2025,,flexible,1,Reference
wind_flexible,southland,wind_flexible,2386080.236569,0.000000,1.000000,891.000000,0.000000,2026,2026,,flexible,1,Reference
gas_flexible,taranaki,gas_flexible,1213001.596675,18.136248,0.401562,994.600000,0.000000,2025,2025,,flexible,4,Reference
hydro_flexible,taranaki,hydro_flexible,,0.000000,1.000000,33.000000,0.000000,,,,flexible,1,Reference
solar_flexible,taranaki,solar_flexible,1110769.779069,0.000000,1.000000,581.000000,0.000000,2040,2040,,flexible,1,Reference
wind_flexible,taranaki,wind_flexible,2199589.606115,0.000000,1.000000,733.000000,0.000000,,,,flexible,1,Reference
coal_flexible,waikato,coal_flexible,,23.293774,0.330275,400.000000,0.000000,,,,flexible,1,Reference
gas_flexible,waikato,gas_flexible,1411927.173267,27.566561,0.369422,1213.800000,0.000000,2025,2025,,flexible,3,Reference
geo_fixed,waikato,geo_fixed,5460725.829002,0.000000,0.300000,203.400000,0.000000,2024,,2024,fixed,1,Reference
geo_flexible,waikato,geo_flexible,5724472.792182,0.000000,0.300000,1215.400000,0.000000,2026,2026,,flexible,1,Reference
hydro_flexible,waikato,hydro_flexible,,0.000000,1.000000,1455.500000,0.000000,,,,flexible,1,Reference
solar_flexible,waikato,solar_flexible,1173678.921180,0.000000,1.000000,1357.000000,0.000000,2025,2025,,flexible,1,Reference
thermal_other_flexible,waikato,thermal_other_flexible,,27.139750,0.300000,39.600000,0.000000,,,,flexible,1,Reference
wind_fixed,waikato,wind_fixed,2261132.872762,0.000000,1.000000,100.000000,0.000000,2025,,2025,fixed,1,Reference
wind_flexible,waikato,wind_flexible,2206662.654705,0.000000,1.000000,1119.400000,0.000000,2025,2025,,flexible,1,Reference
solar_flexible,wellington,solar_flexible,1143197.793669,0.000000,1.000000,763.000000,0.000000,2050,2050,,flexible,1,Reference
wind_flexible,wellington,wind_flexible,1979751.978563,0.000000,1.000000,502.600000,0.000000,,,,flexible,1,Reference
hydro_flexible,west_coast,hydro_flexible,5634130.754773,0.000000,1.000000,190.000000,0.000000,,,,flexible,2,Reference
wind_flexible,west_coast,wind_flexible,2173931.253667,0.000000,1.000000,75.000000,0.000000,,,,flexible,1,Reference
