Scenario,Region,Tech,TechName,Capacity (MW),Heat Rate (GJ/GWh),Variable operating costs (NZD/MWh),Fixed operating costs (NZD/kW/year),Fuel delivery costs (NZD/GJ),Capital cost (NZD/kW),Connection cost (NZD $m),Total Capital costs (NZD $m),Earliest Commissioning Year,Fixed Commissioning Year,Plants grouped
Constraint,Auckland,GasPkr,"Peaker, gas-fired OCGT",300.000000,11750.000000,13.428522,5.418526,2.650366,1213.001597,39.578802,403.479281,2025,,3
Constraint,Auckland,OthCog,"Cogeneration, other",0.000000,1000.000000,11.308229,96.591125,0.000000,,,,,,1
Constraint,Auckland,Solar,Solar,294.000000,3600.000000,0.000000,23.558811,0.000000,1352.267306,140.455891,538.022479,2025,,4
Constraint,Auckland,Wind,Wind,335.000000,3600.000000,0.000000,50.173235,0.000000,2899.732497,120.485609,1091.895995,2027,,3
Constraint,Bay of Plenty,Geo,Geothermal,283.500000,12000.000000,0.000000,223.808703,0.000000,7205.363406,70.676433,1036.195129,2030,,7
Constraint,Bay of Plenty,HydSC,"Hydro, schedulable",172.900000,3600.000000,0.000000,116.463264,0.000000,,,,,,2
Constraint,Bay of Plenty,Solar,Solar,432.000000,3600.000000,0.000000,23.558811,0.000000,1080.601848,28.810000,461.050739,,2024,4
Constraint,Bay of Plenty,Solar,Solar,444.000000,3600.000000,0.000000,23.558811,0.000000,1187.565810,155.136179,682.415398,2025,,5
Constraint,Canterbury,BioRecip,Reciprocating Biogas engine,10.000000,11400.000000,16.012294,21.173282,0.000000,2679.644216,0.661665,27.458107,2035,,1
Constraint,Canterbury,HydPK,"Hydro, peaking",35.000000,3600.000000,0.000000,76.300527,0.000000,4044.096805,5.160987,146.704376,,,1
Constraint,Canterbury,HydRR,"Hydro, run of river",138.000000,3600.000000,0.000000,77.074472,0.000000,6238.134970,37.063830,897.926455,,,4
Constraint,Canterbury,HydSC,"Hydro, schedulable",1809.300000,3600.000000,0.000000,63.055332,0.000000,,,,,,3
Constraint,Canterbury,Solar,Solar,63.000000,3600.000000,0.000000,23.558811,0.000000,1530.920870,34.570000,131.018015,,2024,1
Constraint,Canterbury,Solar,Solar,1826.000000,3600.000000,0.000000,22.842587,0.000000,1093.541555,364.974921,2361.781801,2020,,13
Constraint,Canterbury,Wind,Wind,270.600000,3600.000000,0.000000,51.172323,0.000000,2320.897177,133.816580,761.851356,2025,,3
Constraint,Hawke's Bay,DslPkr,"Peaker, diesel-fired OCGT",155.000000,11000.000000,13.664110,27.092632,3.133322,,,,,,1
Constraint,Hawke's Bay,HydSC,"Hydro, schedulable",138.000000,3600.000000,0.000000,75.584954,0.000000,,,,,,1
Constraint,Hawke's Bay,Solar,Solar,70.000000,3600.000000,0.000000,23.558811,0.000000,1409.841185,36.645730,135.334613,,2024,1
Constraint,Hawke's Bay,Solar,Solar,383.000000,3600.000000,0.000000,23.209212,0.000000,1210.064713,96.170654,559.625439,2025,,4
Constraint,Hawke's Bay,Wind,Wind,176.000000,3600.000000,0.000000,41.239698,0.000000,2479.818246,21.518302,457.966314,,2024,1
Constraint,Hawke's Bay,Wind,Wind,200.000000,3600.000000,0.000000,54.370791,0.000000,2400.370869,192.440146,672.514320,,,2
Constraint,Manawatū-Whanganui,HydSC,"Hydro, schedulable",39.000000,3600.000000,0.000000,76.085855,0.000000,,,,,,1
Constraint,Manawatū-Whanganui,Solar,Solar,494.000000,3600.000000,0.000000,23.558811,0.000000,1225.277132,172.614455,777.901358,2024,,8
Constraint,Manawatū-Whanganui,Wind,Wind,2319.150000,3600.000000,0.000000,49.349252,0.000000,2478.644990,513.603339,4976.403643,2024,,18
Constraint,Marlborough,HydRR,"Hydro, run of river",72.000000,3600.000000,0.000000,74.317368,0.000000,5594.113359,13.881733,416.657895,,,1
Constraint,Marlborough,Solar,Solar,65.000000,3600.000000,0.000000,22.217452,0.000000,2154.971442,34.560000,174.633144,2026,,2
Constraint,Marlborough,Wind,Wind,125.000000,3600.000000,0.000000,49.645482,0.000000,2271.899933,45.821887,329.809379,,,2
Constraint,Nelson,HydSC,"Hydro, schedulable",32.000000,3600.000000,0.000000,76.464087,0.000000,,,,,,1
Constraint,Nelson,Solar,Solar,130.000000,3600.000000,0.000000,23.558811,0.000000,1067.366543,31.690000,170.447651,,,1
Constraint,Northland,DslPkr,"Peaker, diesel-fired OCGT",9.000000,10906.000000,16.726756,22.380870,3.133322,,,,,,1
Constraint,Northland,GasPkr,"Peaker, gas-fired OCGT",100.000000,11750.000000,13.428522,5.418526,2.650366,1213.001597,13.192934,134.493094,2030,,1
Constraint,Northland,Geo,Geothermal,142.000000,12000.000000,0.000000,223.808703,0.000000,9470.483948,53.007324,829.587008,2026,,5
Constraint,Northland,Solar,Solar,24.000000,3600.000000,0.000000,20.444943,0.000000,1249.208261,24.200000,54.180998,,2024,1
Constraint,Northland,Solar,Solar,525.700000,3600.000000,0.000000,23.558811,0.000000,1147.232251,147.166336,713.554898,2024,,8
Constraint,Northland,Wind,Wind,548.000000,3600.000000,0.000000,49.718140,0.000000,2287.716128,224.609703,1478.278141,2024,,4
Constraint,Otago,BioRecip,Reciprocating Biogas engine,10.000000,11400.000000,16.012294,21.173282,0.000000,2679.644216,0.661665,27.458107,2030,,1
Constraint,Otago,HydPK,"Hydro, peaking",17.000000,3600.000000,0.000000,153.132623,0.000000,2957.201678,17.203291,67.475720,,,1
Constraint,Otago,HydRR,"Hydro, run of river",725.000000,3600.000000,0.000000,64.790447,0.000000,6228.844994,75.297483,4591.210104,,,4
Constraint,Otago,HydSC,"Hydro, schedulable",839.000000,3600.000000,0.000000,61.884357,0.000000,,,,,,2
Constraint,Otago,Solar,Solar,879.000000,3600.000000,0.000000,22.496057,0.000000,1200.862255,185.691174,1241.249096,2025,,5
Constraint,Otago,Wind,Wind,774.000000,3600.000000,0.000000,48.260955,0.000000,2606.071862,145.729444,2069.010479,2028,,4
Constraint,Southland,HydSC,"Hydro, schedulable",800.000000,3600.000000,0.000000,35.339084,0.000000,,,,,,1
Constraint,Southland,Solar,Solar,260.000000,3600.000000,0.000000,23.558811,0.000000,1311.732517,69.410000,410.460454,2025,,2
Constraint,Southland,Wind,Wind,891.000000,3600.000000,0.000000,49.189898,0.000000,2516.869379,153.556312,2141.883121,2026,,8
Constraint,Taranaki,CCGT,Combined cycle gas turbine,380.000000,7700.000000,6.125291,48.295562,0.518294,,,,,,1
Constraint,Taranaki,GasCog,"Cogeneration, gas-fired",95.000000,9300.000000,5.773787,46.837345,1.322268,,,,,,2
Constraint,Taranaki,GasPkr,"Peaker, gas-fired OCGT",510.000000,10089.156863,11.534579,19.054921,1.250465,1213.001597,13.192934,134.493094,2025,,4
Constraint,Taranaki,HydSC,"Hydro, schedulable",33.000000,3600.000000,0.000000,76.402752,0.000000,,,,,,1
Constraint,Taranaki,OCGT,Open cycle gas turbine,9.600000,11600.000000,16.726756,11.779405,0.000000,,,,,,1
Constraint,Taranaki,Solar,Solar,581.000000,3600.000000,0.000000,23.215803,0.000000,1182.868426,187.676347,874.922902,2040,,7
Constraint,Taranaki,Wind,Wind,733.000000,3600.000000,0.000000,48.575183,0.000000,2342.362157,132.883473,1538.300767,,,4
Constraint,Waikato,CCGT,Combined cycle gas turbine,403.000000,7400.000000,6.125291,48.295562,1.319293,,,,,,1
Constraint,Waikato,Coal,Coal,400.000000,10900.000000,13.664110,96.591125,0.883455,,,,,,2
Constraint,Waikato,GasPkr,"Peaker, gas-fired OCGT",300.000000,11750.000000,13.428522,5.418526,2.650366,1213.001597,39.578802,403.479281,2025,,3
Constraint,Waikato,Geo,Geothermal,203.400000,12000.000000,0.000000,230.789404,0.000000,5460.725829,42.664431,1153.376064,,2024,2
Constraint,Waikato,Geo,Geothermal,1215.400000,12000.000000,0.000000,217.442776,0.000000,5840.454598,123.868031,2565.178053,2026,,17
Constraint,Waikato,HydSC,"Hydro, schedulable",1455.500000,3600.000000,0.000000,67.460618,0.000000,,,,,,2
Constraint,Waikato,OCGT,Open cycle gas turbine,510.800000,11461.765857,12.814277,22.187160,1.219671,1528.758953,5.889703,556.242926,,,4
Constraint,Waikato,OthCog,"Cogeneration, other",39.600000,12000.000000,11.308229,82.455838,1.319293,,,,,,1
Constraint,Waikato,Solar,Solar,1357.000000,3600.000000,0.000000,23.558811,0.000000,1217.704280,317.652486,1970.077195,2025,,9
Constraint,Waikato,Wind,Wind,100.000000,3600.000000,0.000000,48.531150,0.000000,2407.900118,18.411211,259.201222,,2025,1
Constraint,Waikato,Wind,Wind,1119.400000,3600.000000,0.000000,48.523700,0.000000,2343.734135,318.456226,2791.095738,2025,,8
Constraint,Wellington,Solar,Solar,763.000000,3600.000000,0.000000,23.558811,0.000000,1217.401302,171.425446,1100.302639,2050,,6
Constraint,Wellington,Wind,Wind,502.600000,3600.000000,0.000000,48.643835,0.000000,1979.751979,66.691404,660.616998,,,3
Constraint,West Coast,HydPK,"Hydro, peaking",46.000000,3600.000000,0.000000,75.707624,0.000000,5258.472733,7.939981,249.829726,,,1
Constraint,West Coast,HydRR,"Hydro, run of river",144.000000,3600.000000,0.000000,88.807011,0.000000,6023.853783,36.523911,903.958856,,,4
Constraint,West Coast,Wind,Wind,75.000000,3600.000000,0.000000,47.541680,0.000000,2315.038353,27.610926,201.238803,,,1
Environmental,Auckland,GasPkr,"Peaker, gas-fired OCGT",300.000000,11750.000000,13.428522,5.418526,2.650366,1213.001597,39.578802,403.479281,2025,,3
Environmental,Auckland,OthCog,"Cogeneration, other",0.000000,1000.000000,11.308229,96.591125,0.000000,,,,,,1
Environmental,Auckland,Solar,Solar,1774.000000,3600.000000,0.000000,23.558811,0.000000,1255.336366,501.105891,2728.072603,2025,,12
Environmental,Auckland,Wind,Wind,460.000000,3600.000000,0.000000,49.983090,0.000000,2543.480506,164.505247,1334.506280,2027,,4
Environmental,Bay of Plenty,Geo,Geothermal,333.500000,12000.000000,0.000000,223.808703,0.000000,6612.895735,97.180095,1313.952910,2030,,8
Environmental,Bay of Plenty,HydSC,"Hydro, schedulable",172.900000,3600.000000,0.000000,116.463264,0.000000,,,,,,2
Environmental,Bay of Plenty,Solar,Solar,432.000000,3600.000000,0.000000,23.558811,0.000000,1080.601848,28.810000,461.050739,,2024,4
Environmental,Bay of Plenty,Solar,Solar,764.000000,3600.000000,0.000000,23.558811,0.000000,1164.839498,234.846179,1124.783555,2020,,7
Environmental,Canterbury,BioRecip,Reciprocating Biogas engine,10.000000,11400.000000,16.012294,21.173282,0.000000,2485.689015,0.661665,25.518555,2035,,1
Environmental,Canterbury,HydPK,"Hydro, peaking",35.000000,3600.000000,0.000000,76.300527,0.000000,4044.096805,5.160987,146.704376,,,1
Environmental,Canterbury,HydRR,"Hydro, run of river",708.000000,3600.000000,0.000000,65.640251,0.000000,6385.490052,74.381739,4595.308695,,,6
Environmental,Canterbury,HydSC,"Hydro, schedulable",1809.300000,3600.000000,0.000000,63.055332,0.000000,,,,,,3
Environmental,Canterbury,Solar,Solar,63.000000,3600.000000,0.000000,23.558811,0.000000,1530.920870,34.570000,131.018015,,2024,1
Environmental,Canterbury,Solar,Solar,4006.000000,3600.000000,0.000000,23.232344,0.000000,1087.621334,944.094921,5301.105984,2020,,25
Environmental,Canterbury,Wind,Wind,470.600000,3600.000000,0.000000,50.024822,0.000000,2159.975383,182.653995,1199.138410,2025,,4
Environmental,Hawke's Bay,DslPkr,"Peaker, diesel-fired OCGT",155.000000,11000.000000,13.664110,27.092632,3.133322,,,,,,1
Environmental,Hawke's Bay,HydSC,"Hydro, schedulable",138.000000,3600.000000,0.000000,75.584954,0.000000,,,,,,1
Environmental,Hawke's Bay,Solar,Solar,70.000000,3600.000000,0.000000,23.558811,0.000000,1409.841185,36.645730,135.334613,,2024,1
Environmental,Hawke's Bay,Solar,Solar,583.000000,3600.000000,0.000000,23.329143,0.000000,1134.854596,129.620654,791.240884,2025,,5
Environmental,Hawke's Bay,Wind,Wind,176.000000,3600.000000,0.000000,41.239698,0.000000,2479.818246,21.518302,457.966314,,2024,1
Environmental,Hawke's Bay,Wind,Wind,475.000000,3600.000000,0.000000,52.741978,0.000000,2243.555852,362.558320,1428.247350,,,4
Environmental,Manawatū-Whanganui,HydSC,"Hydro, schedulable",39.000000,3600.000000,0.000000,76.085855,0.000000,,,,,,1
Environmental,Manawatū-Whanganui,Solar,Solar,974.000000,3600.000000,0.000000,23.558811,0.000000,1174.159558,294.334455,1437.965864,2024,,11
Environmental,Manawatū-Whanganui,Wind,Wind,2419.150000,3600.000000,0.000000,49.503873,0.000000,2337.570861,578.578539,5021.131961,2024,,19
Environmental,Marlborough,HydRR,"Hydro, run of river",72.000000,3600.000000,0.000000,74.317368,0.000000,5279.244693,13.881733,393.987351,,,1
Environmental,Marlborough,Solar,Solar,205.000000,3600.000000,0.000000,23.133502,0.000000,1477.902838,77.530000,380.500082,2020,,3
Environmental,Marlborough,Wind,Wind,125.000000,3600.000000,0.000000,49.645482,0.000000,2103.130223,45.821887,308.713165,,,2
Environmental,Nelson,HydSC,"Hydro, schedulable",32.000000,3600.000000,0.000000,76.464087,0.000000,,,,,,1
Environmental,Nelson,Solar,Solar,130.000000,3600.000000,0.000000,23.558811,0.000000,988.076457,31.690000,160.139939,,,1
Environmental,Northland,DslPkr,"Peaker, diesel-fired OCGT",9.000000,10906.000000,16.726756,22.380870,3.133322,,,,,,1
Environmental,Northland,GasPkr,"Peaker, gas-fired OCGT",100.000000,11750.000000,13.428522,5.418526,2.650366,1213.001597,13.192934,134.493094,2030,,1
Environmental,Northland,Geo,Geothermal,142.000000,12000.000000,0.000000,223.808703,0.000000,9104.553415,53.007324,799.580704,2026,,5
Environmental,Northland,Solar,Solar,24.000000,3600.000000,0.000000,20.444943,0.000000,1249.208261,24.200000,54.180998,,2024,1
Environmental,Northland,Solar,Solar,585.700000,3600.000000,0.000000,23.558811,0.000000,1117.299167,206.946336,825.594885,2024,,9
Environmental,Northland,Wind,Wind,1323.000000,3600.000000,0.000000,50.101034,0.000000,2153.767133,582.032202,3431.466119,2024,,10
Environmental,Otago,BioRecip,Reciprocating Biogas engine,10.000000,11400.000000,16.012294,21.173282,0.000000,2485.689015,0.661665,25.518555,2030,,1
Environmental,Otago,HydPK,"Hydro, peaking",17.000000,3600.000000,0.000000,153.132623,0.000000,2957.201678,17.203291,67.475720,,,1
Environmental,Otago,HydRR,"Hydro, run of river",725.000000,3600.000000,0.000000,64.790447,0.000000,5878.250004,75.297483,4337.028736,,,4
Environmental,Otago,HydSC,"Hydro, schedulable",839.000000,3600.000000,0.000000,61.884357,0.000000,,,,,,2
Environmental,Otago,Solar,Solar,1919.000000,3600.000000,0.000000,23.072015,0.000000,1145.798494,423.451174,2622.238484,2020,,12
Environmental,Otago,Wind,Wind,924.000000,3600.000000,0.000000,48.084910,0.000000,2423.315198,175.731590,2327.635486,2028,,5
Environmental,Southland,HydSC,"Hydro, schedulable",800.000000,3600.000000,0.000000,35.339084,0.000000,,,,,,1
Environmental,Southland,Solar,Solar,500.000000,3600.000000,0.000000,23.558811,0.000000,1218.174992,121.510000,730.597496,2025,,4
Environmental,Southland,Wind,Wind,991.000000,3600.000000,0.000000,49.539448,0.000000,2337.743252,211.145825,2291.737319,2026,,9
Environmental,Taranaki,CCGT,Combined cycle gas turbine,380.000000,7700.000000,6.125291,48.295562,0.518294,,,,,,1
Environmental,Taranaki,GasCog,"Cogeneration, gas-fired",95.000000,9300.000000,5.773787,46.837345,1.322268,,,,,,2
Environmental,Taranaki,GasPkr,"Peaker, gas-fired OCGT",510.000000,10089.156863,11.534579,19.054921,1.250465,1213.001597,13.192934,134.493094,2025,,4
Environmental,Taranaki,HydSC,"Hydro, schedulable",33.000000,3600.000000,0.000000,76.402752,0.000000,,,,,,1
Environmental,Taranaki,OCGT,Open cycle gas turbine,9.600000,11600.000000,16.726756,11.779405,0.000000,,,,,,1
Environmental,Taranaki,Solar,Solar,841.000000,3600.000000,0.000000,23.321846,0.000000,1134.567835,261.976347,1216.147896,2025,,9
Environmental,Taranaki,Wind,Wind,733.000000,3600.000000,0.000000,48.575183,0.000000,2168.358111,132.883473,1433.898339,,,4
Environmental,Waikato,CCGT,Combined cycle gas turbine,403.000000,7400.000000,6.125291,48.295562,1.319293,,,,,,1
Environmental,Waikato,Coal,Coal,400.000000,10900.000000,13.664110,96.591125,0.883455,,,,,,2
Environmental,Waikato,GasPkr,"Peaker, gas-fired OCGT",300.000000,11750.000000,13.428522,5.418526,2.650366,1213.001597,39.578802,403.479281,2025,,3
Environmental,Waikato,Geo,Geothermal,203.400000,12000.000000,0.000000,230.789404,0.000000,5460.725829,42.664431,1153.376064,,2024,2
Environmental,Waikato,Geo,Geothermal,1421.400000,12000.000000,0.000000,218.365374,0.000000,6042.694636,252.263550,4022.905003,2026,,23
Environmental,Waikato,HydSC,"Hydro, schedulable",1455.500000,3600.000000,0.000000,67.460618,0.000000,,,,,,2
Environmental,Waikato,OCGT,Open cycle gas turbine,510.800000,11461.765857,12.814277,22.187160,1.219671,1528.758953,5.889703,556.242926,,,4
Environmental,Waikato,OthCog,"Cogeneration, other",39.600000,12000.000000,11.308229,82.455838,1.319293,,,,,,1
Environmental,Waikato,Solar,Solar,2357.000000,3600.000000,0.000000,23.558811,0.000000,1176.342254,540.192486,3312.831179,2020,,16
Environmental,Waikato,Wind,Wind,100.000000,3600.000000,0.000000,48.531150,0.000000,2229.027538,18.411211,241.313964,,2025,1
Environmental,Waikato,Wind,Wind,1769.400000,3600.000000,0.000000,48.193739,0.000000,2194.022881,474.545127,4215.354140,2025,,13
Environmental,Waikato,Wood,Wood - Torrefied for use in coal generators,480.000000,10900.000000,13.664110,96.591125,0.883455,,,,,2032,2
Environmental,Wellington,Solar,Solar,1163.000000,3600.000000,0.000000,23.558811,0.000000,1141.887233,332.415446,1660.430298,2025,,8
Environmental,Wellington,Wind,Wind,867.600000,3600.000000,0.000000,49.559309,0.000000,2164.941976,199.009465,1638.695879,,,7
Environmental,West Coast,HydPK,"Hydro, peaking",46.000000,3600.000000,0.000000,75.707624,0.000000,5258.472733,7.939981,249.829726,,,1
Environmental,West Coast,HydRR,"Hydro, run of river",144.000000,3600.000000,0.000000,88.807011,0.000000,5731.635257,36.523911,861.879388,,,4
Environmental,West Coast,Solar,Solar,40.000000,3600.000000,0.000000,23.558811,0.000000,1363.712197,23.770000,78.318488,2030,,1
Environmental,West Coast,Wind,Wind,75.000000,3600.000000,0.000000,47.541680,0.000000,2143.064076,27.610926,188.340732,,,1
Growth,Auckland,GasPkr,"Peaker, gas-fired OCGT",300.000000,11750.000000,13.428522,5.418526,2.650366,1213.001597,39.578802,403.479281,2025,,3
Growth,Auckland,OthCog,"Cogeneration, other",0.000000,1000.000000,11.308229,96.591125,0.000000,,,,,,1
Growth,Auckland,Solar,Solar,294.000000,3600.000000,0.000000,23.558811,0.000000,1276.287927,140.455891,515.684541,2025,,4
Growth,Auckland,Wind,Wind,335.000000,3600.000000,0.000000,50.173235,0.000000,2722.986897,120.485609,1032.686219,2027,,3
Growth,Bay of Plenty,Geo,Geothermal,283.500000,12000.000000,0.000000,223.808703,0.000000,6941.435879,70.676433,1000.828840,2030,,7
Growth,Bay of Plenty,HydSC,"Hydro, schedulable",172.900000,3600.000000,0.000000,116.463264,0.000000,,,,,,2
Growth,Bay of Plenty,Solar,Solar,432.000000,3600.000000,0.000000,23.558811,0.000000,1080.601848,28.810000,461.050739,,2024,4
Growth,Bay of Plenty,Solar,Solar,444.000000,3600.000000,0.000000,23.558811,0.000000,1156.256543,155.136179,668.514084,2025,,5
Growth,Canterbury,BioRecip,Reciprocating Biogas engine,10.000000,11400.000000,16.012294,21.173282,0.000000,2518.865563,0.661665,25.850321,2035,,1
Growth,Canterbury,HydPK,"Hydro, peaking",35.000000,3600.000000,0.000000,76.300527,0.000000,4044.096805,5.160987,146.704376,,,1
Growth,Canterbury,HydRR,"Hydro, run of river",138.000000,3600.000000,0.000000,77.074472,0.000000,5914.049006,37.063830,853.202592,,,4
Growth,Canterbury,HydSC,"Hydro, schedulable",1809.300000,3600.000000,0.000000,63.055332,0.000000,,,,,,3
Growth,Canterbury,Solar,Solar,63.000000,3600.000000,0.000000,23.558811,0.000000,1530.920870,34.570000,131.018015,,2024,1
Growth,Canterbury,Solar,Solar,1826.000000,3600.000000,0.000000,22.842587,0.000000,1033.238648,364.974921,2251.668693,2020,,13
Growth,Canterbury,Wind,Wind,270.600000,3600.000000,0.000000,51.172323,0.000000,2226.693972,133.816580,736.359969,2025,,3
Growth,Hawke's Bay,DslPkr,"Peaker, diesel-fired OCGT",155.000000,11000.000000,13.664110,27.092632,3.133322,,,,,,1
Growth,Hawke's Bay,HydSC,"Hydro, schedulable",138.000000,3600.000000,0.000000,75.584954,0.000000,,,,,,1
Growth,Hawke's Bay,Solar,Solar,70.000000,3600.000000,0.000000,23.558811,0.000000,1409.841185,36.645730,135.334613,,2024,1
Growth,Hawke's Bay,Solar,Solar,383.000000,3600.000000,0.000000,23.209212,0.000000,1136.308388,96.170654,531.376767,2025,,4
Growth,Hawke's Bay,Wind,Wind,176.000000,3600.000000,0.000000,41.239698,0.000000,2479.818246,21.518302,457.966314,,2024,1
Growth,Hawke's Bay,Wind,Wind,200.000000,3600.000000,0.000000,54.370791,0.000000,2254.062550,192.440146,643.252656,,,2
Growth,Manawatū-Whanganui,HydSC,"Hydro, schedulable",39.000000,3600.000000,0.000000,76.085855,0.000000,,,,,,1
Growth,Manawatū-Whanganui,Solar,Solar,494.000000,3600.000000,0.000000,23.558811,0.000000,1170.524170,172.614455,750.853395,2024,,8
Growth,Manawatū-Whanganui,Wind,Wind,2319.150000,3600.000000,0.000000,49.349252,0.000000,2364.214612,513.603339,4770.371749,2024,,18
Growth,Marlborough,HydRR,"Hydro, run of river",72.000000,3600.000000,0.000000,74.317368,0.000000,5303.485851,13.881733,395.732714,,,1
Growth,Marlborough,Solar,Solar,65.000000,3600.000000,0.000000,22.217452,0.000000,2078.759081,34.560000,169.679340,2026,,2
Growth,Marlborough,Wind,Wind,125.000000,3600.000000,0.000000,49.645482,0.000000,2133.422222,45.821887,312.499665,,,2
Growth,Nelson,HydSC,"Hydro, schedulable",32.000000,3600.000000,0.000000,76.464087,0.000000,,,,,,1
Growth,Nelson,Solar,Solar,130.000000,3600.000000,0.000000,23.558811,0.000000,1002.308011,31.690000,161.990041,,,1
Growth,Northland,DslPkr,"Peaker, diesel-fired OCGT",9.000000,10906.000000,16.726756,22.380870,3.133322,,,,,,1
Growth,Northland,GasPkr,"Peaker, gas-fired OCGT",100.000000,11750.000000,13.428522,5.418526,2.650366,1213.001597,13.192934,134.493094,2030,,1
Growth,Northland,Geo,Geothermal,142.000000,12000.000000,0.000000,223.808703,0.000000,9147.422765,53.007324,803.095991,2026,,5
Growth,Northland,Solar,Solar,24.000000,3600.000000,0.000000,20.444943,0.000000,1249.208261,24.200000,54.180998,,2024,1
Growth,Northland,Solar,Solar,525.700000,3600.000000,0.000000,23.558811,0.000000,1104.006540,147.166336,692.214365,2024,,8
Growth,Northland,Wind,Wind,548.000000,3600.000000,0.000000,49.718140,0.000000,2165.766849,224.609703,1411.449936,2024,,4
Growth,Otago,BioRecip,Reciprocating Biogas engine,10.000000,11400.000000,16.012294,21.173282,0.000000,2518.865563,0.661665,25.850321,2030,,1
Growth,Otago,HydPK,"Hydro, peaking",17.000000,3600.000000,0.000000,153.132623,0.000000,2957.201678,17.203291,67.475720,,,1
Growth,Otago,HydRR,"Hydro, run of river",725.000000,3600.000000,0.000000,64.790447,0.000000,5905.241666,75.297483,4356.597691,,,4
Growth,Otago,HydSC,"Hydro, schedulable",839.000000,3600.000000,0.000000,61.884357,0.000000,,,,,,2
Growth,Otago,Solar,Solar,879.000000,3600.000000,0.000000,22.496057,0.000000,1133.380347,185.691174,1181.932499,2025,,5
Growth,Otago,Wind,Wind,774.000000,3600.000000,0.000000,48.260955,0.000000,2471.878286,145.729444,1969.975619,2028,,4
Growth,Southland,HydSC,"Hydro, schedulable",800.000000,3600.000000,0.000000,35.339084,0.000000,,,,,,1
Growth,Southland,Solar,Solar,260.000000,3600.000000,0.000000,23.558811,0.000000,1231.779297,69.410000,389.672617,2025,,2
Growth,Southland,Wind,Wind,891.000000,3600.000000,0.000000,49.189898,0.000000,2386.080237,153.556312,2038.559698,2026,,8
Growth,Taranaki,CCGT,Combined cycle gas turbine,380.000000,7700.000000,6.125291,48.295562,0.518294,,,,,,1
Growth,Taranaki,GasCog,"Cogeneration, gas-fired",95.000000,9300.000000,5.773787,46.837345,1.322268,,,,,,2
Growth,Taranaki,GasPkr,"Peaker, gas-fired OCGT",510.000000,10089.156863,11.534579,19.054921,1.250465,1213.001597,13.192934,134.493094,2025,,4
Growth,Taranaki,HydSC,"Hydro, schedulable",33.000000,3600.000000,0.000000,76.402752,0.000000,,,,,,1
Growth,Taranaki,OCGT,Open cycle gas turbine,9.600000,11600.000000,16.726756,11.779405,0.000000,,,,,,1
Growth,Taranaki,Solar,Solar,581.000000,3600.000000,0.000000,23.215803,0.000000,1110.769779,187.676347,833.033589,2040,,7
Growth,Taranaki,Wind,Wind,733.000000,3600.000000,0.000000,48.575183,0.000000,2199.589606,132.883473,1452.637236,,,4
Growth,Waikato,CCGT,Combined cycle gas turbine,403.000000,7400.000000,6.125291,48.295562,1.319293,,,,,,1
Growth,Waikato,Coal,Coal,400.000000,10900.000000,13.664110,96.591125,0.883455,,,,,,2
Growth,Waikato,GasPkr,"Peaker, gas-fired OCGT",300.000000,11750.000000,13.428522,5.418526,2.650366,1213.001597,39.578802,403.479281,2025,,3
Growth,Waikato,Geo,Geothermal,203.400000,12000.000000,0.000000,230.789404,0.000000,5460.725829,42.664431,1153.376064,,2024,2
Growth,Waikato,Geo,Geothermal,1215.400000,12000.000000,0.000000,217.442776,0.000000,5724.472792,123.868031,2516.697658,2026,,17
Growth,Waikato,HydSC,"Hydro, schedulable",1455.500000,3600.000000,0.000000,67.460618,0.000000,,,,,,2
Growth,Waikato,OCGT,Open cycle gas turbine,510.800000,11461.765857,12.814277,22.187160,1.219671,1528.758953,5.889703,556.242926,,,4
Growth,Waikato,OthCog,"Cogeneration, other",39.600000,12000.000000,11.308229,82.455838,1.319293,,,,,,1
Growth,Waikato,Solar,Solar,1357.000000,3600.000000,0.000000,23.558811,0.000000,1173.678921,317.652486,1910.334782,2025,,9
Growth,Waikato,Wind,Wind,100.000000,3600.000000,0.000000,48.531150,0.000000,2261.132873,18.411211,244.524498,,2025,1
Growth,Waikato,Wind,Wind,1119.400000,3600.000000,0.000000,48.523700,0.000000,2206.662655,318.456226,2646.485326,2025,,8
Growth,Wellington,Solar,Solar,763.000000,3600.000000,0.000000,23.558811,0.000000,1143.197794,171.425446,1043.685362,2050,,6
Growth,Wellington,Wind,Wind,502.600000,3600.000000,0.000000,48.643835,0.000000,1979.751979,66.691404,660.616998,,,3
Growth,West Coast,HydPK,"Hydro, peaking",46.000000,3600.000000,0.000000,75.707624,0.000000,5258.472733,7.939981,249.829726,,,1
Growth,West Coast,HydRR,"Hydro, run of river",144.000000,3600.000000,0.000000,88.807011,0.000000,5754.132623,36.523911,865.119009,,,4
Growth,West Coast,Wind,Wind,75.000000,3600.000000,0.000000,47.541680,0.000000,2173.931254,27.610926,190.655770,,,1
Innovation,Auckland,GasPkr,"Peaker, gas-fired OCGT",300.000000,11750.000000,13.428522,5.418526,2.650366,1213.001597,39.578802,403.479281,2025,,3
Innovation,Auckland,OthCog,"Cogeneration, other",0.000000,1000.000000,11.308229,96.591125,0.000000,,,,,,1
Innovation,Auckland,Solar,Solar,1774.000000,3600.000000,0.000000,23.558811,0.000000,1099.972889,501.105891,2452.457796,2025,,12
Innovation,Auckland,Wind,Wind,460.000000,3600.000000,0.000000,49.983090,0.000000,2224.237068,164.505247,1187.654298,2027,,4
Innovation,Bay of Plenty,Geo,Geothermal,333.500000,12000.000000,0.000000,223.808703,0.000000,5947.224944,97.180095,1191.469484,2030,,8
Innovation,Bay of Plenty,HydSC,"Hydro, schedulable",172.900000,3600.000000,0.000000,116.463264,0.000000,,,,,,2
Innovation,Bay of Plenty,Solar,Solar,432.000000,3600.000000,0.000000,23.558811,0.000000,1080.601848,28.810000,461.050739,,2024,4
Innovation,Bay of Plenty,Solar,Solar,764.000000,3600.000000,0.000000,23.558811,0.000000,1067.791466,234.846179,1050.638859,2020,,7
Innovation,Canterbury,BioRecip,Reciprocating Biogas engine,10.000000,11400.000000,16.012294,21.173282,0.000000,2169.235794,0.661665,22.354023,2035,,1
Innovation,Canterbury,HydPK,"Hydro, peaking",35.000000,3600.000000,0.000000,76.300527,0.000000,4044.096805,5.160987,146.704376,,,1
Innovation,Canterbury,HydRR,"Hydro, run of river",708.000000,3600.000000,0.000000,65.640251,0.000000,5477.511902,74.381739,3952.460166,,,6
Innovation,Canterbury,HydSC,"Hydro, schedulable",1809.300000,3600.000000,0.000000,63.055332,0.000000,,,,,,3
Innovation,Canterbury,Solar,Solar,63.000000,3600.000000,0.000000,23.558811,0.000000,1530.920870,34.570000,131.018015,,2024,1
Innovation,Canterbury,Solar,Solar,4006.000000,3600.000000,0.000000,23.232344,0.000000,957.070458,944.094921,4778.119175,2020,,25
Innovation,Canterbury,Wind,Wind,470.600000,3600.000000,0.000000,50.024822,0.000000,1944.827877,182.653995,1097.889994,2025,,4
Innovation,Hawke's Bay,DslPkr,"Peaker, diesel-fired OCGT",155.000000,11000.000000,13.664110,27.092632,3.133322,,,,,,1
Innovation,Hawke's Bay,HydSC,"Hydro, schedulable",138.000000,3600.000000,0.000000,75.584954,0.000000,,,,,,1
Innovation,Hawke's Bay,Solar,Solar,70.000000,3600.000000,0.000000,23.558811,0.000000,1409.841185,36.645730,135.334613,,2024,1
Innovation,Hawke's Bay,Solar,Solar,583.000000,3600.000000,0.000000,23.329143,0.000000,992.413999,129.620654,708.198016,2025,,5
Innovation,Hawke's Bay,Wind,Wind,176.000000,3600.000000,0.000000,41.239698,0.000000,2479.818246,21.518302,457.966314,,2024,1
Innovation,Hawke's Bay,Wind,Wind,475.000000,3600.000000,0.000000,52.741978,0.000000,1961.957278,362.558320,1294.488027,,,4
Innovation,Manawatū-Whanganui,HydSC,"Hydro, schedulable",39.000000,3600.000000,0.000000,76.085855,0.000000,,,,,,1
Innovation,Manawatū-Whanganui,Solar,Solar,974.000000,3600.000000,0.000000,23.558811,0.000000,1047.601329,294.334455,1314.698149,2024,,11
Innovation,Manawatū-Whanganui,Wind,Wind,2419.150000,3600.000000,0.000000,49.503873,0.000000,2115.669328,578.578539,4599.408098,2024,,19
Innovation,Marlborough,HydRR,"Hydro, run of river",72.000000,3600.000000,0.000000,74.317368,0.000000,4528.567957,13.881733,339.938626,,,1
Innovation,Marlborough,Solar,Solar,205.000000,3600.000000,0.000000,23.133502,0.000000,1328.405830,77.530000,349.853195,2020,,3
Innovation,Marlborough,Wind,Wind,125.000000,3600.000000,0.000000,49.645482,0.000000,1839.157088,45.821887,275.716523,,,2
Innovation,Nelson,HydSC,"Hydro, schedulable",32.000000,3600.000000,0.000000,76.464087,0.000000,,,,,,1
Innovation,Nelson,Solar,Solar,130.000000,3600.000000,0.000000,23.558811,0.000000,864.058630,31.690000,144.017622,,,1
Innovation,Northland,DslPkr,"Peaker, diesel-fired OCGT",9.000000,10906.000000,16.726756,22.380870,3.133322,,,,,,1
Innovation,Northland,GasPkr,"Peaker, gas-fired OCGT",100.000000,11750.000000,13.428522,5.418526,2.650366,1213.001597,13.192934,134.493094,2030,,1
Innovation,Northland,Geo,Geothermal,142.000000,12000.000000,0.000000,223.808703,0.000000,8349.716617,53.007324,737.684087,2026,,5
Innovation,Northland,Solar,Solar,24.000000,3600.000000,0.000000,20.444943,0.000000,1249.208261,24.200000,54.180998,,2024,1
Innovation,Northland,Solar,Solar,585.700000,3600.000000,0.000000,23.558811,0.000000,1026.086870,206.946336,775.090636,2024,,9
Innovation,Northland,Wind,Wind,1323.000000,3600.000000,0.000000,50.101034,0.000000,1898.358537,582.032202,3093.560546,2024,,10
Innovation,Otago,BioRecip,Reciprocating Biogas engine,10.000000,11400.000000,16.012294,21.173282,0.000000,2169.235794,0.661665,22.354023,2030,,1
Innovation,Otago,HydPK,"Hydro, peaking",17.000000,3600.000000,0.000000,153.132623,0.000000,2957.201678,17.203291,67.475720,,,1
Innovation,Otago,HydRR,"Hydro, run of river",725.000000,3600.000000,0.000000,64.790447,0.000000,5042.398329,75.297483,3731.036271,,,4
Innovation,Otago,HydSC,"Hydro, schedulable",839.000000,3600.000000,0.000000,61.884357,0.000000,,,,,,2
Innovation,Otago,Solar,Solar,1919.000000,3600.000000,0.000000,23.072015,0.000000,1007.373419,423.451174,2356.600765,2020,,12
Innovation,Otago,Wind,Wind,924.000000,3600.000000,0.000000,48.084910,0.000000,2161.344373,175.731590,2095.005393,2028,,5
Innovation,Southland,HydSC,"Hydro, schedulable",800.000000,3600.000000,0.000000,35.339084,0.000000,,,,,,1
Innovation,Southland,Solar,Solar,500.000000,3600.000000,0.000000,23.558811,0.000000,1065.276484,121.510000,654.148242,2025,,4
Innovation,Southland,Wind,Wind,991.000000,3600.000000,0.000000,49.539448,0.000000,2085.668785,211.145825,2067.391043,2026,,9
Innovation,Taranaki,CCGT,Combined cycle gas turbine,380.000000,7700.000000,6.125291,48.295562,0.518294,,,,,,1
Innovation,Taranaki,GasCog,"Cogeneration, gas-fired",95.000000,9300.000000,5.773787,46.837345,1.322268,,,,,,2
Innovation,Taranaki,GasPkr,"Peaker, gas-fired OCGT",510.000000,10089.156863,11.534579,19.054921,1.250465,1213.001597,13.192934,134.493094,2025,,4
Innovation,Taranaki,HydSC,"Hydro, schedulable",33.000000,3600.000000,0.000000,76.402752,0.000000,,,,,,1
Innovation,Taranaki,OCGT,Open cycle gas turbine,9.600000,11600.000000,16.726756,11.779405,0.000000,,,,,,1
Innovation,Taranaki,Solar,Solar,841.000000,3600.000000,0.000000,23.321846,0.000000,992.163230,261.976347,1096.385624,2025,,9
Innovation,Taranaki,Wind,Wind,733.000000,3600.000000,0.000000,48.575183,0.000000,1896.197936,132.883473,1270.602234,,,4
Innovation,Waikato,CCGT,Combined cycle gas turbine,403.000000,7400.000000,6.125291,48.295562,1.319293,,,,,,1
Innovation,Waikato,Coal,Coal,400.000000,10900.000000,13.664110,96.591125,0.883455,,,,,,2
Innovation,Waikato,GasPkr,"Peaker, gas-fired OCGT",300.000000,11750.000000,13.428522,5.418526,2.650366,1213.001597,39.578802,403.479281,2025,,3
Innovation,Waikato,Geo,Geothermal,203.400000,12000.000000,0.000000,230.789404,0.000000,5460.725829,42.664431,1153.376064,,2024,2
Innovation,Waikato,Geo,Geothermal,1421.400000,12000.000000,0.000000,218.365374,0.000000,5557.710611,252.263550,3720.274971,2026,,23
Innovation,Waikato,HydSC,"Hydro, schedulable",1455.500000,3600.000000,0.000000,67.460618,0.000000,,,,,,2
Innovation,Waikato,OCGT,Open cycle gas turbine,510.800000,11461.765857,12.814277,22.187160,1.219671,1528.758953,5.889703,556.242926,,,4
Innovation,Waikato,OthCog,"Cogeneration, other",39.600000,12000.000000,11.308229,82.455838,1.319293,,,,,,1
Innovation,Waikato,Solar,Solar,2357.000000,3600.000000,0.000000,23.558811,0.000000,1064.494227,540.192486,3049.205379,2020,,16
Innovation,Waikato,Wind,Wind,100.000000,3600.000000,0.000000,48.531150,0.000000,1949.252477,18.411211,213.336458,,2025,1
Innovation,Waikato,Wind,Wind,1769.400000,3600.000000,0.000000,48.193739,0.000000,1926.012155,474.545127,3758.395852,2025,,13
Innovation,Waikato,Wood,Wood - Torrefied for use in coal generators,480.000000,10900.000000,13.664110,96.591125,0.883455,,,,,2032,2
Innovation,Wellington,Solar,Solar,1163.000000,3600.000000,0.000000,23.558811,0.000000,998.563938,332.415446,1493.745306,2025,,8
Innovation,Wellington,Wind,Wind,867.600000,3600.000000,0.000000,49.559309,0.000000,2005.310149,199.009465,1532.540714,,,7
Innovation,West Coast,HydPK,"Hydro, peaking",46.000000,3600.000000,0.000000,75.707624,0.000000,5258.472733,7.939981,249.829726,,,1
Innovation,West Coast,HydRR,"Hydro, run of river",144.000000,3600.000000,0.000000,88.807011,0.000000,5034.958602,36.523911,761.557950,,,4
Innovation,West Coast,Solar,Solar,40.000000,3600.000000,0.000000,23.558811,0.000000,1192.546674,23.770000,71.471867,2030,,1
Innovation,West Coast,Wind,Wind,75.000000,3600.000000,0.000000,47.541680,0.000000,1874.078667,27.610926,168.166826,,,1
Reference,Auckland,GasPkr,"Peaker, gas-fired OCGT",300.000000,11750.000000,13.428522,5.418526,2.650366,1213.001597,39.578802,403.479281,2025,,3
Reference,Auckland,OthCog,"Cogeneration, other",0.000000,1000.000000,11.308229,96.591125,0.000000,,,,,,1
Reference,Auckland,Solar,Solar,294.000000,3600.000000,0.000000,23.558811,0.000000,1276.287927,140.455891,515.684541,2025,,4
Reference,Auckland,Wind,Wind,335.000000,3600.000000,0.000000,50.173235,0.000000,2722.986897,120.485609,1032.686219,2027,,3
Reference,Bay of Plenty,Geo,Geothermal,283.500000,12000.000000,0.000000,223.808703,0.000000,6941.435879,70.676433,1000.828840,2030,,7
Reference,Bay of Plenty,HydSC,"Hydro, schedulable",172.900000,3600.000000,0.000000,116.463264,0.000000,,,,,,2
Reference,Bay of Plenty,Solar,Solar,432.000000,3600.000000,0.000000,23.558811,0.000000,1080.601848,28.810000,461.050739,,2024,4
Reference,Bay of Plenty,Solar,Solar,444.000000,3600.000000,0.000000,23.558811,0.000000,1156.256543,155.136179,668.514084,2025,,5
Reference,Canterbury,BioRecip,Reciprocating Biogas engine,10.000000,11400.000000,16.012294,21.173282,0.000000,2518.865563,0.661665,25.850321,2035,,1
Reference,Canterbury,HydPK,"Hydro, peaking",35.000000,3600.000000,0.000000,76.300527,0.000000,4044.096805,5.160987,146.704376,,,1
Reference,Canterbury,HydRR,"Hydro, run of river",138.000000,3600.000000,0.000000,77.074472,0.000000,5914.049006,37.063830,853.202592,,,4
Reference,Canterbury,HydSC,"Hydro, schedulable",1809.300000,3600.000000,0.000000,63.055332,0.000000,,,,,,3
Reference,Canterbury,Solar,Solar,63.000000,3600.000000,0.000000,23.558811,0.000000,1530.920870,34.570000,131.018015,,2024,1
Reference,Canterbury,Solar,Solar,1826.000000,3600.000000,0.000000,22.842587,0.000000,1033.238648,364.974921,2251.668693,2020,,13
Reference,Canterbury,Wind,Wind,270.600000,3600.000000,0.000000,51.172323,0.000000,2226.693972,133.816580,736.359969,2025,,3
Reference,Hawke's Bay,DslPkr,"Peaker, diesel-fired OCGT",155.000000,11000.000000,13.664110,27.092632,3.133322,,,,,,1
Reference,Hawke's Bay,HydSC,"Hydro, schedulable",138.000000,3600.000000,0.000000,75.584954,0.000000,,,,,,1
Reference,Hawke's Bay,Solar,Solar,70.000000,3600.000000,0.000000,23.558811,0.000000,1409.841185,36.645730,135.334613,,2024,1
Reference,Hawke's Bay,Solar,Solar,383.000000,3600.000000,0.000000,23.209212,0.000000,1136.308388,96.170654,531.376767,2025,,4
Reference,Hawke's Bay,Wind,Wind,176.000000,3600.000000,0.000000,41.239698,0.000000,2479.818246,21.518302,457.966314,,2024,1
Reference,Hawke's Bay,Wind,Wind,200.000000,3600.000000,0.000000,54.370791,0.000000,2254.062550,192.440146,643.252656,,,2
Reference,Manawatū-Whanganui,HydSC,"Hydro, schedulable",39.000000,3600.000000,0.000000,76.085855,0.000000,,,,,,1
Reference,Manawatū-Whanganui,Solar,Solar,494.000000,3600.000000,0.000000,23.558811,0.000000,1170.524170,172.614455,750.853395,2024,,8
Reference,Manawatū-Whanganui,Wind,Wind,2319.150000,3600.000000,0.000000,49.349252,0.000000,2364.214612,513.603339,4770.371749,2024,,18
Reference,Marlborough,HydRR,"Hydro, run of river",72.000000,3600.000000,0.000000,74.317368,0.000000,5303.485851,13.881733,395.732714,,,1
Reference,Marlborough,Solar,Solar,65.000000,3600.000000,0.000000,22.217452,0.000000,2078.759081,34.560000,169.679340,2026,,2
Reference,Marlborough,Wind,Wind,125.000000,3600.000000,0.000000,49.645482,0.000000,2133.422222,45.821887,312.499665,,,2
Reference,Nelson,HydSC,"Hydro, schedulable",32.000000,3600.000000,0.000000,76.464087,0.000000,,,,,,1
Reference,Nelson,Solar,Solar,130.000000,3600.000000,0.000000,23.558811,0.000000,1002.308011,31.690000,161.990041,,,1
Reference,Northland,DslPkr,"Peaker, diesel-fired OCGT",9.000000,10906.000000,16.726756,22.380870,3.133322,,,,,,1
Reference,Northland,GasPkr,"Peaker, gas-fired OCGT",100.000000,11750.000000,13.428522,5.418526,2.650366,1213.001597,13.192934,134.493094,2030,,1
Reference,Northland,Geo,Geothermal,142.000000,12000.000000,0.000000,223.808703,0.000000,9147.422765,53.007324,803.095991,2026,,5
Reference,Northland,Solar,Solar,24.000000,3600.000000,0.000000,20.444943,0.000000,1249.208261,24.200000,54.180998,,2024,1
Reference,Northland,Solar,Solar,525.700000,3600.000000,0.000000,23.558811,0.000000,1104.006540,147.166336,692.214365,2024,,8
Reference,Northland,Wind,Wind,548.000000,3600.000000,0.000000,49.718140,0.000000,2165.766849,224.609703,1411.449936,2024,,4
Reference,Otago,BioRecip,Reciprocating Biogas engine,10.000000,11400.000000,16.012294,21.173282,0.000000,2518.865563,0.661665,25.850321,2030,,1
Reference,Otago,HydPK,"Hydro, peaking",17.000000,3600.000000,0.000000,153.132623,0.000000,2957.201678,17.203291,67.475720,,,1
Reference,Otago,HydRR,"Hydro, run of river",725.000000,3600.000000,0.000000,64.790447,0.000000,5905.241666,75.297483,4356.597691,,,4
Reference,Otago,HydSC,"Hydro, schedulable",839.000000,3600.000000,0.000000,61.884357,0.000000,,,,,,2
Reference,Otago,Solar,Solar,879.000000,3600.000000,0.000000,22.496057,0.000000,1133.380347,185.691174,1181.932499,2025,,5
Reference,Otago,Wind,Wind,774.000000,3600.000000,0.000000,48.260955,0.000000,2471.878286,145.729444,1969.975619,2028,,4
Reference,Southland,HydSC,"Hydro, schedulable",800.000000,3600.000000,0.000000,35.339084,0.000000,,,,,,1
Reference,Southland,Solar,Solar,260.000000,3600.000000,0.000000,23.558811,0.000000,1231.779297,69.410000,389.672617,2025,,2
Reference,Southland,Wind,Wind,891.000000,3600.000000,0.000000,49.189898,0.000000,2386.080237,153.556312,2038.559698,2026,,8
Reference,Taranaki,CCGT,Combined cycle gas turbine,380.000000,7700.000000,6.125291,48.295562,0.518294,,,,,,1
Reference,Taranaki,GasCog,"Cogeneration, gas-fired",95.000000,9300.000000,5.773787,46.837345,1.322268,,,,,,2
Reference,Taranaki,GasPkr,"Peaker, gas-fired OCGT",510.000000,10089.156863,11.534579,19.054921,1.250465,1213.001597,13.192934,134.493094,2025,,4
Reference,Taranaki,HydSC,"Hydro, schedulable",33.000000,3600.000000,0.000000,76.402752,0.000000,,,,,,1
Reference,Taranaki,OCGT,Open cycle gas turbine,9.600000,11600.000000,16.726756,11.779405,0.000000,,,,,,1
Reference,Taranaki,Solar,Solar,581.000000,3600.000000,0.000000,23.215803,0.000000,1110.769779,187.676347,833.033589,2040,,7
Reference,Taranaki,Wind,Wind,733.000000,3600.000000,0.000000,48.575183,0.000000,2199.589606,132.883473,1452.637236,,,4
Reference,Waikato,CCGT,Combined cycle gas turbine,403.000000,7400.000000,6.125291,48.295562,1.319293,,,,,,1
Reference,Waikato,Coal,Coal,400.000000,10900.000000,13.664110,96.591125,0.883455,,,,,,2
Reference,Waikato,GasPkr,"Peaker, gas-fired OCGT",300.000000,11750.000000,13.428522,5.418526,2.650366,1213.001597,39.578802,403.479281,2025,,3
Reference,Waikato,Geo,Geothermal,203.400000,12000.000000,0.000000,230.789404,0.000000,5460.725829,42.664431,1153.376064,,2024,2
Reference,Waikato,Geo,Geothermal,1215.400000,12000.000000,0.000000,217.442776,0.000000,5724.472792,123.868031,2516.697658,2026,,17
Reference,Waikato,HydSC,"Hydro, schedulable",1455.500000,3600.000000,0.000000,67.460618,0.000000,,,,,,2
Reference,Waikato,OCGT,Open cycle gas turbine,510.800000,11461.765857,12.814277,22.187160,1.219671,1528.758953,5.889703,556.242926,,,4
Reference,Waikato,OthCog,"Cogeneration, other",39.600000,12000.000000,11.308229,82.455838,1.319293,,,,,,1
Reference,Waikato,Solar,Solar,1357.000000,3600.000000,0.000000,23.558811,0.000000,1173.678921,317.652486,1910.334782,2025,,9
Reference,Waikato,Wind,Wind,100.000000,3600.000000,0.000000,48.531150,0.000000,2261.132873,18.411211,244.524498,,2025,1
Reference,Waikato,Wind,Wind,1119.400000,3600.000000,0.000000,48.523700,0.000000,2206.662655,318.456226,2646.485326,2025,,8
Reference,Wellington,Solar,Solar,763.000000,3600.000000,0.000000,23.558811,0.000000,1143.197794,171.425446,1043.685362,2050,,6
Reference,Wellington,Wind,Wind,502.600000,3600.000000,0.000000,48.643835,0.000000,1979.751979,66.691404,660.616998,,,3
Reference,West Coast,HydPK,"Hydro, peaking",46.000000,3600.000000,0.000000,75.707624,0.000000,5258.472733,7.939981,249.829726,,,1
Reference,West Coast,HydRR,"Hydro, run of river",144.000000,3600.000000,0.000000,88.807011,0.000000,5754.132623,36.523911,865.119009,,,4
Reference,West Coast,Wind,Wind,75.000000,3600.000000,0.000000,47.541680,0.000000,2173.931254,27.610926,190.655770,,,1
