POC,Nwk_Code,Generation_Type,zone,annual_energy_gwh
ABY0111,ALPE,GN,canterbury,10.636973
ALB0331,VECT,GN,auckland,617.574515
ALB1101,VECT,GN,auckland,274.045904
APS0111,ORON,GN,canterbury,1.104555
ARA2201,MRPL,GG,waikato,0.759140
ARG1101,CNIR,GG,marlborough,0.146594
ARI1101,MRPL,GG,waikato,0.403521
ARI1102,MRPL,GG,waikato,0.899750
ARI1102,POCO,GN,waikato,99.157553
ASB0661,EASH,GN,canterbury,475.571758
ASY0111,MPAS,GD,canterbury,34.625732
ASY0111,MPOW,GN,canterbury,42.267945
ATI2201,MRPL,GN,waikato,2.121780
AVI2201,MERI,GG,otago,0.851345
BAL0331,OTPO,GN,otago,161.823346
BDE0111,RAYN,GD,southland,53.449781
BDE0111,SOLE,GD,southland,0.044335
BEN2202,MERI,GG,otago,1.459617
BLN0331,MARL,GN,marlborough,384.862434
BOB1101,COUP,GN,auckland,488.287563
BPD1101,ALPE,GN,canterbury,56.702963
BPE0331,POCO,GN,manawatu_whanganui,284.999257
BPE0551,NZRN,GD,manawatu_whanganui,1.977527
BPT1101,WATA,GD,otago,30.358103
BRB0331,MERI,GG,northland,21.482326
BRB0331,NPOW,GN,northland,97.397785
BRK0331,POCO,GN,manawatu_whanganui,126.433757
BRY0661,ORON,GN,canterbury,682.547203
BWK1101,CNIR,GG,otago,0.068776
CBG0111,WAIP,GN,waikato,227.803317
CLH0111,ORON,GN,canterbury,2.685361
CML0331,DUNE,GN,otago,216.169927
COL0111,ORON,GN,canterbury,1.290575
COL0661,CNIR,GG,canterbury,0.057357
CPK0111,CKHK,GN,wellington,86.371285
CPK0331,CKHK,GN,wellington,618.187064
CST0331,POCO,GN,taranaki,282.449990
CUL0331,MPOW,GN,canterbury,70.800880
CUL0661,MPOW,GN,canterbury,30.679227
CYD0331,CTCT,GD,otago,1.688533
CYD0331,DUNE,GN,otago,8.546158
CYD2201,CTCT,GG,otago,0.109081
DOB0331,WPOW,GN,west_coast,14.394360
DVK0111,SCAN,GN,hawkes_bay,66.508444
EDG0331,HEDL,GN,bay_of_plenty,265.526114
EDN0331,TPCO,GN,southland,258.231830
FHL0331,HAWK,GN,hawkes_bay,300.952002
FKN0331,DUNE,GN,otago,282.812100
FKN0331,LLNW,GN,otago,60.468678
GFD0331,CKHK,GN,wellington,270.729605
GLN0331,NZST,GD,auckland,690.825515
GLN0332,COUP,GN,auckland,150.244156
GLN0332,CTCT,GG,auckland,0.000000
GLN0332,NZST,GN,auckland,9.803861
GOR0331,TPCO,GN,southland,131.915947
GYM0661,WPOW,GN,west_coast,55.832650
GYT0331,POCO,GN,wellington,68.911435
HAM0111,WAIK,GN,waikato,133.923100
HAM0331,WAIK,GN,waikato,671.831010
HAM0551,NZRN,GD,waikato,1.508313
HAY0111,CKHK,GN,wellington,70.853848
HAY0331,CKHK,GN,wellington,77.340855
HEN0331,VECT,GN,auckland,641.302968
HEP0331,VECT,GN,auckland,620.265042
HIN0331,POCO,GN,waikato,99.908870
HKK0661,WPOW,GN,west_coast,44.154691
HLY0331,WAIK,GN,waikato,147.228338
HLY2201,GENE,GG,waikato,5.435201
HOB1101,VECT,GN,auckland,273.620870
HOR0331,ORON,GN,canterbury,70.659300
HOR0661,ORON,GN,canterbury,40.704646
HRP2201,MERI,GG,hawkes_bay,0.506163
HTI0331,LINE,GN,waikato,101.771594
HTI1101,LINE,GN,waikato,57.575694
HTU0331,WAIP,GN,waikato,24.642563
HUI0331,POCO,GN,taranaki,138.083685
HWA0331,POCO,GN,taranaki,153.002354
HWA0332,KUPE,GD,taranaki,84.086577
HWA1101,CNIR,GG,taranaki,0.024713
HWA1101,KIWI,GG,taranaki,0.152243
HWA1102,KIWI,GG,taranaki,0.107401
HWB0331,DUNE,GN,otago,345.817297
HWB0331,OTPO,GN,otago,33.419371
INV0331,ELIN,GN,southland,249.200702
INV0331,TPCO,GN,southland,276.923525
INV0661,TPCO,GN,southland,0.061380
ISL0331,ORON,GN,canterbury,390.798495
ISL0661,ORON,GN,canterbury,2192.369074
JRD1101,TODD,GG,taranaki,0.575639
KAI0111,MPOW,GN,canterbury,134.904808
KAW0111,HEDL,GN,bay_of_plenty,38.832012
KAW0112,CHHE,GD,bay_of_plenty,23.241161
KAW1101,KRGL,GG,bay_of_plenty,0.128821
KAW2201,TAOM,GG,bay_of_plenty,0.012936
KBY0661,ORON,GN,canterbury,44.748383
KBY0662,ORON,GN,canterbury,43.089071
KIK0111,TASM,GN,nelson,13.171813
KIN0111,POCO,GD,waikato,126.000127
KIN0112,POCO,GN,waikato,48.161673
KIN0113,POCO,GD,waikato,203.413943
KIN0331,POCO,GN,waikato,94.249767
KMO0331,POCO,GN,bay_of_plenty,172.459033
KOE1101,TOPE,GN,northland,14.547081
KPA1101,KAPE,GD,taranaki,0.125451
KPO1101,MRPL,GG,waikato,0.000000
KPU0661,POCO,GN,waikato,221.993262
KUM0661,WPOW,GN,west_coast,2.995985
KWA0111,CKHK,GN,wellington,126.127880
LFD1101,VECT,GD,waikato,36.476106
LFD1102,VECT,GD,waikato,36.002734
LTN0331,POCO,GN,manawatu_whanganui,238.286593
LTN2201,MRPL,GG,manawatu_whanganui,1.325275
MAN2201,MERI,GG,southland,0.000000
MAT1101,BOPD,GN,bay_of_plenty,0.234525
MAT1101,CNIR,GG,bay_of_plenty,0.093437
MCH0111,TASM,GN,nelson,6.013106
MGM0331,POCO,GN,manawatu_whanganui,77.767265
MHO0331,ELEC,GN,wellington,108.502982
MKE1101,TODD,GG,taranaki,1.158167
MLG0111,CKHK,GN,wellington,108.881220
MLG0331,CKHK,GN,wellington,140.891871
MNG0331,VECT,GN,auckland,621.324393
MNG1101,VECT,GN,auckland,42.621821
MNI0111,METH,GD,taranaki,40.868260
MNI0111,OMVP,GD,taranaki,38.955272
MPE1101,NPOW,GN,northland,580.687488
MST0331,POCO,GN,wellington,212.484402
MTI2201,MRPL,GG,waikato,7.237720
MTM0331,POCO,GN,bay_of_plenty,316.940442
MTN0331,POCO,GN,manawatu_whanganui,104.855072
MTO0331,NPOW,GN,northland,80.007353
MTR0331,POCO,GN,manawatu_whanganui,32.948376
NAP2201,NAPJ,GG,waikato,0.563300
NAP2202,MRPL,GG,waikato,0.014269
NMA0331,TPCO,GN,southland,150.996339
NPK0331,LINE,GN,waikato,15.307281
NSY0331,OTPO,GN,otago,178.096285
NWD0661,ORON,GN,canterbury,153.269866
OAM0331,WATA,GN,otago,217.536230
OHA2201,MERI,GG,canterbury,0.607268
OHB2201,MERI,GG,otago,0.520130
OHC2201,MERI,GG,otago,0.511529
OHK2201,MRPL,GG,bay_of_plenty,2.080400
OKI2201,CTCT,GG,bay_of_plenty,0.682080
OKN0111,LINE,GN,waikato,19.506662
OKN0111,POCO,GN,manawatu_whanganui,7.852958
ONG0331,LINE,GN,waikato,15.914269
OPK0331,POCO,GN,taranaki,48.120628
ORO1101,BUEL,GN,west_coast,19.287050
ORO1102,BUEL,GN,west_coast,19.705651
OTA0221,VECT,GN,auckland,314.259861
OTI0111,WPOW,GN,west_coast,1.368865
OWH0111,HAWK,GN,bay_of_plenty,58.623136
PAK0331,VECT,GN,auckland,630.454272
PAO1101,POCO,GN,waikato,222.700533
PEN0221,VECT,GN,auckland,185.811392
PEN0251,NZRN,GD,auckland,11.874161
PEN0331,SHPK,GD,auckland,0.368378
PEN0331,VECT,GN,auckland,1285.873691
PEN1101,VECT,GN,auckland,595.549803
PNI0331,CKHK,GN,wellington,70.047529
PPI2201,CTCT,GG,waikato,0.062210
PRM0331,ELEC,GN,wellington,261.137690
RDF0331,HAWK,GN,hawkes_bay,349.127238
RFN1101,WPOW,GN,west_coast,14.642678
RFN1102,WPOW,GN,west_coast,14.315597
ROS0221,VECT,GN,auckland,448.458364
ROS1101,VECT,GN,auckland,243.749254
ROT0111,HAWK,GN,bay_of_plenty,115.038576
ROT0331,HAWK,GN,bay_of_plenty,224.511838
ROT1101,CNIR,GG,bay_of_plenty,0.001415
ROX2201,CTCT,GG,otago,0.000007
SBK0661,MPOW,GN,canterbury,263.368595
SDN0331,DUNE,GN,otago,339.801976
SFD0331,POCO,GN,taranaki,134.110598
SFD2201,CTCT,GG,taranaki,3.700796
STK0331,NELS,GN,nelson,49.592306
STK0331,TASM,GN,nelson,580.293579
STK0661,TASM,GN,nelson,28.230009
STU0111,ALPE,GN,canterbury,67.046813
SVL0331,VECT,GN,auckland,430.741461
SWN0251,NZRN,GD,auckland,19.620488
TAB0331,HAWK,GN,waikato,1.101717
TAB2201,CTCT,GG,waikato,1.648470
TAK0331,VECT,GN,auckland,557.755897
TGA0111,POCO,GN,bay_of_plenty,102.466275
TGA0331,POCO,GN,bay_of_plenty,255.676665
THI2201,CTCT,GG,waikato,0.150706
TIM0111,ALPE,GN,canterbury,372.547937
TKA0111,GENE,GG,canterbury,0.031797
TKA0331,ALPE,GN,canterbury,26.082462
TKB2201,GENE,GG,canterbury,0.000077
TKR0331,CKHK,GN,wellington,421.699628
TKU0331,GENE,GD,waikato,0.704581
TKU0331,LINE,GN,waikato,35.482750
TKU2201,GENE,GG,waikato,1.060249
TMI0331,POCO,GN,bay_of_plenty,229.552450
TMK0331,ALPE,GN,canterbury,296.476187
TMN0551,NZRN,GD,waikato,2.062701
TMU0111,WAIP,GN,waikato,211.408950
TNG0111,WNST,GN,manawatu_whanganui,0.000000
TNG0551,NZRN,GD,waikato,2.223051
TRK0111,HAWK,GN,bay_of_plenty,36.680195
TUI1101,EAST,GN,hawkes_bay,290.916411
TUI1101,GENE,GG,hawkes_bay,0.000000
TWC2201,TRPG,GN,manawatu_whanganui,0.398391
TWH0331,WAIK,GN,waikato,295.262732
TWI2201,NZAS,GN,southland,4785.624712
TWZ0331,ALPE,GN,canterbury,18.216297
TWZ0331,MERI,GD,canterbury,4.708359
TWZ0331,WATA,GN,otago,16.114544
UHT0331,CKHK,GN,wellington,137.984836
WAI0111,HEDL,GN,bay_of_plenty,56.764227
WAI0331,LODE,GG,bay_of_plenty,0.155324
WAI0501,HEDL,GN,bay_of_plenty,6.629651
WDV0111,SCAN,GN,hawkes_bay,13.622604
WDV1101,MERI,GG,hawkes_bay,0.758342
WEL0331,VECT,GN,auckland,183.228453
WGN0331,POCO,GN,manawatu_whanganui,153.770816
WHI0111,PANP,GD,hawkes_bay,332.364996
WHI2201,CTCT,GG,hawkes_bay,1.024096
WHU0331,POCO,GN,waikato,184.144730
WIL0331,CKHK,GN,wellington,69.459260
WIR0331,VECT,GN,auckland,482.478623
WKM2201,MRPL,GG,waikato,0.000000
WKM2201,TUAR,GN,waikato,0.096856
WKO0331,POCO,GN,waikato,209.165254
WPA2201,MRPL,GG,waikato,0.094100
WPR0331,MPOW,GN,canterbury,35.044082
WPR0661,MPOW,GN,canterbury,21.793688
WPW0331,CHBP,GN,hawkes_bay,127.867527
WRD0331,VECT,GN,auckland,364.000373
WRK0331,HAWK,GN,waikato,3.869759
WRK2201,CTCT,GG,waikato,0.000000
WTK0111,MERI,GG,otago,0.000000
WTK0111,WATA,GN,otago,37.426812
WTK0331,WATA,GN,otago,0.230640
WTU0331,HAWK,GN,hawkes_bay,352.665271
WVY0111,POCO,GN,manawatu_whanganui,22.253185
WVY1101,WPWF,GG,manawatu_whanganui,0.491089
WWD1102,MERI,GG,wellington,0.498912
WWD1103,MERI,GG,wellington,0.262453
