Trading_Date,POC,Nwk_Code,Generation_Type,nrr_id,nrr_name,mapping_stage,zone
2025-03-01,TNG0111,WNST,GN,,,,
2025-04-01,TNG0111,WNST,GN,,,,
2025-05-01,TNG0111,WNST,GN,,,,
2025-06-01,TNG0111,WNST,GN,,,,
2025-07-01,TNG0111,WNST,GN,,,,
2025-08-01,TNG0111,WNST,GN,,,,
2025-09-01,TNG0111,WNST,GN,,,,
2025-10-01,TNG0111,WNST,GN,,,,
2025-11-01,TNG0111,WNST,GN,,,,
2025-12-01,TNG0111,WNST,GN,,,,
2025-03-02,TNG0111,WNST,GN,,,,
2025-04-02,TNG0111,WNST,GN,,,,
2025-05-02,TNG0111,WNST,GN,,,,
2025-06-02,TNG0111,WNST,GN,,,,
2025-07-02,TNG0111,WNST,GN,,,,
2025-08-02,TNG0111,WNST,GN,,,,
2025-09-02,TNG0111,WNST,GN,,,,
2025-01-05,HTU0331,WAIP,GN,,,,
2025-02-05,HTU0331,WAIP,GN,,,,
2025-03-05,HTU0331,WAIP,GN,,,,
2025-04-05,HTU0331,WAIP,GN,,,,
2025-01-06,HTU0331,WAIP,GN,,,,
2025-02-06,HTU0331,WAIP,GN,,,,
2025-03-06,HTU0331,WAIP,GN,,,,
2025-04-06,HTU0331,WAIP,GN,,,,
2025-01-07,HTU0331,WAIP,GN,,,,
2025-02-07,HTU0331,WAIP,GN,,,,
2025-03-07,HTU0331,WAIP,GN,,,,
2025-04-07,HTU0331,WAIP,GN,,,,
2025-01-08,HTU0331,WAIP,GN,,,,
2025-02-08,HTU0331,WAIP,GN,,,,
2025-03-08,HTU0331,WAIP,GN,,,,
2025-04-08,HTU0331,WAIP,GN,,,,
2025-08-22,KAW2201,TAOM,GG,,,,
2025-08-23,KAW2201,TAOM,GG,,,,
2025-08-24,KAW2201,TAOM,GG,,,,
2025-08-25,KAW2201,TAOM,GG,,,,
2025-08-26,KAW2201,TAOM,GG,,,,
2025-08-27,KAW2201,TAOM,GG,,,,
2025-08-28,KAW2201,TAOM,GG,,,,
2025-08-29,KAW2201,TAOM,GG,,,,
2025-08-30,KAW2201,TAOM,GG,,,,
2025-08-31,KAW2201,TAOM,GG,,,,
2025-09-15,GLN0332,CTCT,GG,,,,
2025-09-16,GLN0332,CTCT,GG,,,,
2025-09-17,GLN0332,CTCT,GG,,,,
2025-09-18,GLN0332,CTCT,GG,,,,
2025-09-19,GLN0332,CTCT,GG,,,,
2025-09-20,GLN0332,CTCT,GG,,,,
2025-09-21,GLN0332,CTCT,GG,,,,
2025-09-22,GLN0332,CTCT,GG,,,,
2025-09-23,GLN0332,CTCT,GG,,,,
2025-09-24,GLN0332,CTCT,GG,,,,
2025-09-25,GLN0332,CTCT,GG,,,,
2025-09-26,GLN0332,CTCT,GG,,,,
2025-09-27,GLN0332,CTCT,GG,,,,
2025-09-28,GLN0332,CTCT,GG,,,,
2025-09-29,GLN0332,CTCT,GG,,,,
2025-09-30,GLN0332,CTCT,GG,,,,
2025-01-09,HTU0331,WAIP,GN,,,,
2025-02-09,HTU0331,WAIP,GN,,,,
2025-03-09,HTU0331,WAIP,GN,,,,
2025-04-09,HTU0331,WAIP,GN,,,,
2025-08-09,INV0661,TPCO,GN,,,,
2025-01-09,KAW2201,TAOM,GG,,,,
2025-02-09,KAW2201,TAOM,GG,,,,
2025-03-09,KAW2201,TAOM,GG,,,,
2025-04-09,KAW2201,TAOM,GG,,,,
2025-05-09,KAW2201,TAOM,GG,,,,
2025-06-09,KAW2201,TAOM,GG,,,,
2025-07-09,KAW2201,TAOM,GG,,,,
2025-08-09,KAW2201,TAOM,GG,,,,
2025-09-09,KAW2201,TAOM,GG,,,,
2025-10-09,KAW2201,TAOM,GG,,,,
2025-11-09,KAW2201,TAOM,GG,,,,
2025-12-09,KAW2201,TAOM,GG,,,,
2025-09-13,KAW2201,TAOM,GG,,,,
2025-09-14,KAW2201,TAOM,GG,,,,
2025-09-15,KAW2201,TAOM,GG,,,,
2025-09-16,KAW2201,TAOM,GG,,,,
2025-09-17,KAW2201,TAOM,GG,,,,
2025-09-18,KAW2201,TAOM,GG,,,,
2025-09-19,KAW2201,TAOM,GG,,,,
2025-09-20,KAW2201,TAOM,GG,,,,
2025-09-21,KAW2201,TAOM,GG,,,,
2025-09-22,KAW2201,TAOM,GG,,,,
2025-09-23,KAW2201,TAOM,GG,,,,
2025-09-24,KAW2201,TAOM,GG,,,,
2025-09-25,KAW2201,TAOM,GG,,,,
2025-09-26,KAW2201,TAOM,GG,,,,
2025-09-27,KAW2201,TAOM,GG,,,,
2025-09-28,KAW2201,TAOM,GG,,,,
2025-09-29,KAW2201,TAOM,GG,,,,
2025-09-30,KAW2201,TAOM,GG,,,,
2025-10-10,GLN0332,CTCT,GG,,,,
2025-11-10,GLN0332,CTCT,GG,,,,
2025-12-10,GLN0332,CTCT,GG,,,,
2025-10-13,GLN0332,CTCT,GG,,,,
2025-10-14,GLN0332,CTCT,GG,,,,
2025-10-15,GLN0332,CTCT,GG,,,,
2025-10-16,GLN0332,CTCT,GG,,,,
2025-10-17,GLN0332,CTCT,GG,,,,
2025-10-18,GLN0332,CTCT,GG,,,,
2025-10-19,GLN0332,CTCT,GG,,,,
2025-10-20,GLN0332,CTCT,GG,,,,
2025-10-21,GLN0332,CTCT,GG,,,,
2025-10-22,GLN0332,CTCT,GG,,,,
2025-10-23,GLN0332,CTCT,GG,,,,
2025-10-24,GLN0332,CTCT,GG,,,,
2025-10-25,GLN0332,CTCT,GG,,,,
2025-10-26,GLN0332,CTCT,GG,,,,
2025-10-27,GLN0332,CTCT,GG,,,,
2025-10-28,GLN0332,CTCT,GG,,,,
2025-10-29,GLN0332,CTCT,GG,,,,
2025-10-30,GLN0332,CTCT,GG,,,,
2025-10-31,GLN0332,CTCT,GG,,,,
2025-01-10,HTU0331,WAIP,GN,,,,
2025-02-10,HTU0331,WAIP,GN,,,,
2025-03-10,HTU0331,WAIP,GN,,,,
2025-04-10,HTU0331,WAIP,GN,,,,
2025-01-10,INV0661,TPCO,GN,,,,
2025-02-10,INV0661,TPCO,GN,,,,
2025-03-10,INV0661,TPCO,GN,,,,
2025-04-10,INV0661,TPCO,GN,,,,
2025-05-10,INV0661,TPCO,GN,,,,
2025-06-10,INV0661,TPCO,GN,,,,
2025-07-10,INV0661,TPCO,GN,,,,
2025-08-10,INV0661,TPCO,GN,,,,
2025-01-10,KAW2201,TAOM,GG,,,,
2025-02-10,KAW2201,TAOM,GG,,,,
2025-03-10,KAW2201,TAOM,GG,,,,
2025-04-10,KAW2201,TAOM,GG,,,,
2025-05-10,KAW2201,TAOM,GG,,,,
2025-06-10,KAW2201,TAOM,GG,,,,
2025-07-10,KAW2201,TAOM,GG,,,,
2025-08-10,KAW2201,TAOM,GG,,,,
2025-09-10,KAW2201,TAOM,GG,,,,
2025-10-10,KAW2201,TAOM,GG,,,,
2025-11-10,KAW2201,TAOM,GG,,,,
2025-12-10,KAW2201,TAOM,GG,,,,
2025-10-13,KAW2201,TAOM,GG,,,,
2025-10-14,KAW2201,TAOM,GG,,,,
2025-10-15,KAW2201,TAOM,GG,,,,
2025-10-16,KAW2201,TAOM,GG,,,,
2025-10-17,KAW2201,TAOM,GG,,,,
2025-10-18,KAW2201,TAOM,GG,,,,
2025-10-19,KAW2201,TAOM,GG,,,,
2025-10-20,KAW2201,TAOM,GG,,,,
2025-10-21,KAW2201,TAOM,GG,,,,
2025-10-22,KAW2201,TAOM,GG,,,,
2025-10-23,KAW2201,TAOM,GG,,,,
2025-10-24,KAW2201,TAOM,GG,,,,
2025-10-25,KAW2201,TAOM,GG,,,,
2025-10-26,KAW2201,TAOM,GG,,,,
2025-10-27,KAW2201,TAOM,GG,,,,
2025-10-28,KAW2201,TAOM,GG,,,,
2025-10-29,KAW2201,TAOM,GG,,,,
2025-10-30,KAW2201,TAOM,GG,,,,
2025-10-31,KAW2201,TAOM,GG,,,,
2025-10-11,GLN0332,CTCT,GG,,,,
2025-11-11,GLN0332,CTCT,GG,,,,
2025-12-11,GLN0332,CTCT,GG,,,,
2025-11-13,GLN0332,CTCT,GG,,,,
2025-11-14,GLN0332,CTCT,GG,,,,
2025-11-15,GLN0332,CTCT,GG,,,,
2025-11-16,GLN0332,CTCT,GG,,,,
2025-11-17,GLN0332,CTCT,GG,,,,
2025-11-18,GLN0332,CTCT,GG,,,,
2025-11-19,GLN0332,CTCT,GG,,,,
2025-11-20,GLN0332,CTCT,GG,,,,
2025-11-21,GLN0332,CTCT,GG,,,,
2025-11-22,GLN0332,CTCT,GG,,,,
2025-11-23,GLN0332,CTCT,GG,,,,
2025-11-24,GLN0332,CTCT,GG,,,,
2025-11-25,GLN0332,CTCT,GG,,,,
2025-11-26,GLN0332,CTCT,GG,,,,
2025-11-27,GLN0332,CTCT,GG,,,,
2025-11-28,GLN0332,CTCT,GG,,,,
2025-11-29,GLN0332,CTCT,GG,,,,
2025-11-30,GLN0332,CTCT,GG,,,,
2025-01-11,HTU0331,WAIP,GN,,,,
2025-02-11,HTU0331,WAIP,GN,,,,
2025-03-11,HTU0331,WAIP,GN,,,,
2025-04-11,HTU0331,WAIP,GN,,,,
2025-01-11,INV0661,TPCO,GN,,,,
2025-02-11,INV0661,TPCO,GN,,,,
2025-03-11,INV0661,TPCO,GN,,,,
2025-04-11,INV0661,TPCO,GN,,,,
2025-05-11,INV0661,TPCO,GN,,,,
2025-06-11,INV0661,TPCO,GN,,,,
2025-07-11,INV0661,TPCO,GN,,,,
2025-08-11,INV0661,TPCO,GN,,,,
2025-01-11,KAW2201,TAOM,GG,,,,
2025-02-11,KAW2201,TAOM,GG,,,,
2025-03-11,KAW2201,TAOM,GG,,,,
2025-04-11,KAW2201,TAOM,GG,,,,
2025-05-11,KAW2201,TAOM,GG,,,,
2025-06-11,KAW2201,TAOM,GG,,,,
2025-07-11,KAW2201,TAOM,GG,,,,
2025-08-11,KAW2201,TAOM,GG,,,,
2025-09-11,KAW2201,TAOM,GG,,,,
2025-10-11,KAW2201,TAOM,GG,,,,
2025-11-11,KAW2201,TAOM,GG,,,,
2025-12-11,KAW2201,TAOM,GG,,,,
2025-11-13,KAW2201,TAOM,GG,,,,
2025-11-14,KAW2201,TAOM,GG,,,,
2025-11-15,KAW2201,TAOM,GG,,,,
2025-11-16,KAW2201,TAOM,GG,,,,
2025-11-17,KAW2201,TAOM,GG,,,,
2025-11-18,KAW2201,TAOM,GG,,,,
2025-11-19,KAW2201,TAOM,GG,,,,
2025-11-20,KAW2201,TAOM,GG,,,,
2025-11-21,KAW2201,TAOM,GG,,,,
2025-11-22,KAW2201,TAOM,GG,,,,
2025-11-23,KAW2201,TAOM,GG,,,,
2025-11-24,KAW2201,TAOM,GG,,,,
2025-11-25,KAW2201,TAOM,GG,,,,
2025-11-26,KAW2201,TAOM,GG,,,,
2025-11-27,KAW2201,TAOM,GG,,,,
2025-11-28,KAW2201,TAOM,GG,,,,
2025-11-29,KAW2201,TAOM,GG,,,,
2025-11-30,KAW2201,TAOM,GG,,,,
2025-10-12,GLN0332,CTCT,GG,,,,
2025-11-12,GLN0332,CTCT,GG,,,,
2025-12-12,GLN0332,CTCT,GG,,,,
2025-12-13,GLN0332,CTCT,GG,,,,
2025-12-14,GLN0332,CTCT,GG,,,,
2025-12-15,GLN0332,CTCT,GG,,,,
2025-12-16,GLN0332,CTCT,GG,,,,
2025-12-17,GLN0332,CTCT,GG,,,,
2025-12-18,GLN0332,CTCT,GG,,,,
2025-12-19,GLN0332,CTCT,GG,,,,
2025-12-20,GLN0332,CTCT,GG,,,,
2025-12-21,GLN0332,CTCT,GG,,,,
2025-12-22,GLN0332,CTCT,GG,,,,
2025-12-23,GLN0332,CTCT,GG,,,,
2025-12-24,GLN0332,CTCT,GG,,,,
2025-12-25,GLN0332,CTCT,GG,,,,
2025-12-26,GLN0332,CTCT,GG,,,,
2025-12-27,GLN0332,CTCT,GG,,,,
2025-12-28,GLN0332,CTCT,GG,,,,
2025-12-29,GLN0332,CTCT,GG,,,,
2025-12-30,GLN0332,CTCT,GG,,,,
2025-12-31,GLN0332,CTCT,GG,,,,
2025-01-12,HTU0331,WAIP,GN,,,,
2025-02-12,HTU0331,WAIP,GN,,,,
2025-03-12,HTU0331,WAIP,GN,,,,
2025-04-12,HTU0331,WAIP,GN,,,,
2025-01-12,INV0661,TPCO,GN,,,,
2025-02-12,INV0661,TPCO,GN,,,,
2025-03-12,INV0661,TPCO,GN,,,,
2025-04-12,INV0661,TPCO,GN,,,,
2025-05-12,INV0661,TPCO,GN,,,,
2025-06-12,INV0661,TPCO,GN,,,,
2025-07-12,INV0661,TPCO,GN,,,,
2025-08-12,INV0661,TPCO,GN,,,,
2025-01-12,KAW2201,TAOM,GG,,,,
2025-02-12,KAW2201,TAOM,GG,,,,
2025-03-12,KAW2201,TAOM,GG,,,,
2025-04-12,KAW2201,TAOM,GG,,,,
2025-05-12,KAW2201,TAOM,GG,,,,
2025-06-12,KAW2201,TAOM,GG,,,,
2025-07-12,KAW2201,TAOM,GG,,,,
2025-08-12,KAW2201,TAOM,GG,,,,
2025-09-12,KAW2201,TAOM,GG,,,,
2025-10-12,KAW2201,TAOM,GG,,,,
2025-11-12,KAW2201,TAOM,GG,,,,
2025-12-12,KAW2201,TAOM,GG,,,,
2025-12-13,KAW2201,TAOM,GG,,,,
2025-12-14,KAW2201,TAOM,GG,,,,
2025-12-15,KAW2201,TAOM,GG,,,,
2025-12-16,KAW2201,TAOM,GG,,,,
2025-12-17,KAW2201,TAOM,GG,,,,
2025-12-18,KAW2201,TAOM,GG,,,,
2025-12-19,KAW2201,TAOM,GG,,,,
2025-12-20,KAW2201,TAOM,GG,,,,
2025-12-21,KAW2201,TAOM,GG,,,,
2025-12-22,KAW2201,TAOM,GG,,,,
2025-12-23,KAW2201,TAOM,GG,,,,
2025-12-24,KAW2201,TAOM,GG,,,,
2025-12-25,KAW2201,TAOM,GG,,,,
2025-12-26,KAW2201,TAOM,GG,,,,
2025-12-27,KAW2201,TAOM,GG,,,,
2025-12-28,KAW2201,TAOM,GG,,,,
2025-12-29,KAW2201,TAOM,GG,,,,
2025-12-30,KAW2201,TAOM,GG,,,,
2025-12-31,KAW2201,TAOM,GG,,,,
